{"type":"FeatureCollection","features":[{"type":"Feature","id":5125269,"geometry":{"type":"Polygon","coordinates":[[[-82.073983,34.27106],[-82.073837,34.271104],[-82.073426,34.271346],[-82.073175,34.271731],[-82.072989,34.271918],[-82.072897,34.271951],[-82.072711,34.271951],[-82.072645,34.271929],[-82.072539,34.271852],[-82.072499,34.271786],[-82.072433,34.271555],[-82.072407,34.271126],[-82.072367,34.271027],[-82.072301,34.270951],[-82.072168,34.270841],[-82.072023,34.270753],[-82.07197,34.270742],[-82.071374,34.270368],[-82.071162,34.270214],[-82.071043,34.270115],[-82.070897,34.269928],[-82.070857,34.269807],[-82.070857,34.269686],[-82.070897,34.269444],[-82.070983,34.269214],[-82.070943,34.269181],[-82.070824,34.269214],[-82.070672,34.269302],[-82.070579,34.269324],[-82.070533,34.269357],[-82.070314,34.269423],[-82.070155,34.269445],[-82.069977,34.269423],[-82.069685,34.269269],[-82.069553,34.269247],[-82.069467,34.269302],[-82.06942,34.269412],[-82.069308,34.269544],[-82.069189,34.269631],[-82.069122,34.269654],[-82.068963,34.269653],[-82.068685,34.269511],[-82.068321,34.269225],[-82.068215,34.26917],[-82.06807,34.269126],[-82.067778,34.26895],[-82.067513,34.268725],[-82.06746,34.268571],[-82.06746,34.268428],[-82.067513,34.268175],[-82.067394,34.268186],[-82.067262,34.268274],[-82.067196,34.268296],[-82.067063,34.268285],[-82.066057,34.267999],[-82.065818,34.2679],[-82.065673,34.267867],[-82.06558,34.267812],[-82.065328,34.267592],[-82.06505,34.267219],[-82.064944,34.26701],[-82.06468,34.266757],[-82.064666,34.266713],[-82.064507,34.266581],[-82.064375,34.266537],[-82.064243,34.266416],[-82.064004,34.266053],[-82.063806,34.265635],[-82.063766,34.265449],[-82.063766,34.264668],[-82.063647,34.264569],[-82.063581,34.264448],[-82.063488,34.264371],[-82.063342,34.264371],[-82.063157,34.264448],[-82.062905,34.26447],[-82.062707,34.264327],[-82.06264,34.264206],[-82.062614,34.264085],[-82.062667,34.263624],[-82.062588,34.26325],[-82.062588,34.263096],[-82.062641,34.262942],[-82.06268,34.262909],[-82.06272,34.26281],[-82.06276,34.262766],[-82.062786,34.262524],[-82.062839,34.262315],[-82.062892,34.262205],[-82.062932,34.262172],[-82.063038,34.262106],[-82.063528,34.261985],[-82.063779,34.261798],[-82.064005,34.261568],[-82.064097,34.261513],[-82.064177,34.261491],[-82.064243,34.261491],[-82.064369,34.261579],[-82.064514,34.261491],[-82.064627,34.261535],[-82.064746,34.261436],[-82.064812,34.261425],[-82.064958,34.261546],[-82.06521,34.261545],[-82.065302,34.261655],[-82.065355,34.261809],[-82.065435,34.261886],[-82.06558,34.261897],[-82.065686,34.261875],[-82.065752,34.26182],[-82.065713,34.261765],[-82.065607,34.261754],[-82.065514,34.261699],[-82.065474,34.26159],[-82.065448,34.261249],[-82.065408,34.261139],[-82.065329,34.261029],[-82.06517,34.260919],[-82.064852,34.260831],[-82.064773,34.260776],[-82.064733,34.260622],[-82.064733,34.260468],[-82.064773,34.260369],[-82.065104,34.259929],[-82.06517,34.259687],[-82.06517,34.259534],[-82.064998,34.25905],[-82.065037,34.258797],[-82.064984,34.25872],[-82.064958,34.258588],[-82.064971,34.258016],[-82.065124,34.257676],[-82.06521,34.257533],[-82.065726,34.256961],[-82.065799,34.256834],[-82.065686,34.256873],[-82.065408,34.257159],[-82.065249,34.257269],[-82.065038,34.2575],[-82.064799,34.258016],[-82.064773,34.258159],[-82.064614,34.258654],[-82.064561,34.258687],[-82.064508,34.258654],[-82.064508,34.258489],[-82.064455,34.258445],[-82.064389,34.258467],[-82.064322,34.258544],[-82.064217,34.258885],[-82.06419,34.259094],[-82.064084,34.259578],[-82.063978,34.259874],[-82.063872,34.260017],[-82.063793,34.26005],[-82.06366,34.260182],[-82.063448,34.260633],[-82.063303,34.260754],[-82.063184,34.260765],[-82.063091,34.260754],[-82.063012,34.260721],[-82.062813,34.260578],[-82.06272,34.260534],[-82.062614,34.260523],[-82.062561,34.260567],[-82.062561,34.260886],[-82.062535,34.260952],[-82.062442,34.261029],[-82.062277,34.261106],[-82.061899,34.261227],[-82.061833,34.261293],[-82.061846,34.261359],[-82.061926,34.261502],[-82.061912,34.261634],[-82.061422,34.262073],[-82.061277,34.262238],[-82.061197,34.262414],[-82.061171,34.262788],[-82.061065,34.262931],[-82.060959,34.263217],[-82.06076,34.263415],[-82.060707,34.263679],[-82.060667,34.263712],[-82.060495,34.263646],[-82.060429,34.263668],[-82.060535,34.263789],[-82.060482,34.263833],[-82.06031,34.263811],[-82.059866,34.263437],[-82.059833,34.263448],[-82.059793,34.263558],[-82.05986,34.263833],[-82.059833,34.263942],[-82.05978,34.264019],[-82.059701,34.264074],[-82.059423,34.264151],[-82.059065,34.264173],[-82.058761,34.264162],[-82.058244,34.264085],[-82.058138,34.264052],[-82.057767,34.264008],[-82.057648,34.26403],[-82.057503,34.264129],[-82.057397,34.264173],[-82.057251,34.264195],[-82.057039,34.264195],[-82.056761,34.264151],[-82.056668,34.264096],[-82.05647,34.26391],[-82.056351,34.263899],[-82.056046,34.264129],[-82.055953,34.264162],[-82.055755,34.264184],[-82.055582,34.26414],[-82.055463,34.264063],[-82.055278,34.263888],[-82.055119,34.263569],[-82.055066,34.263415],[-82.05504,34.263239],[-82.055079,34.263041],[-82.055265,34.262843],[-82.055278,34.262799],[-82.055146,34.262678],[-82.055093,34.262447],[-82.054894,34.262238],[-82.054855,34.262161],[-82.054815,34.261996],[-82.054841,34.261854],[-82.054894,34.261722],[-82.05504,34.261535],[-82.055199,34.261403],[-82.055318,34.26137],[-82.055762,34.261436],[-82.055795,34.261425],[-82.055782,34.26137],[-82.055636,34.261315],[-82.055504,34.261238],[-82.055225,34.260985],[-82.055159,34.260864],[-82.055133,34.260732],[-82.055133,34.260644],[-82.055199,34.260468],[-82.055265,34.260391],[-82.055411,34.260281],[-82.055543,34.260215],[-82.055762,34.259974],[-82.055927,34.259897],[-82.056232,34.259886],[-82.056298,34.259853],[-82.056073,34.259688],[-82.05602,34.259578],[-82.05602,34.259446],[-82.056139,34.259149],[-82.056166,34.258951],[-82.056153,34.258698],[-82.056087,34.258291],[-82.0561,34.258192],[-82.056206,34.257962],[-82.056087,34.257863],[-82.056073,34.257797],[-82.056021,34.257764],[-82.055954,34.257808],[-82.055928,34.257885],[-82.055948,34.258198],[-82.055862,34.258291],[-82.055756,34.258357],[-82.055716,34.258412],[-82.055716,34.258577],[-82.05561,34.258863],[-82.055623,34.259028],[-82.055597,34.259248],[-82.055544,34.259424],[-82.055358,34.259633],[-82.055226,34.259743],[-82.055199,34.25982],[-82.055093,34.259952],[-82.054696,34.260171],[-82.054391,34.260281],[-82.054272,34.260292],[-82.05406,34.260215],[-82.053849,34.260039],[-82.053716,34.259798],[-82.053557,34.259391],[-82.053478,34.259303],[-82.053173,34.259127],[-82.052935,34.258962],[-82.052697,34.258742],[-82.052525,34.258467],[-82.052392,34.258016],[-82.052339,34.257972],[-82.052287,34.258016],[-82.052273,34.258192],[-82.052379,34.258676],[-82.052392,34.258863],[-82.052538,34.259198],[-82.052591,34.259402],[-82.052498,34.259523],[-82.052472,34.2596],[-82.052524,34.259633],[-82.052776,34.259677],[-82.053041,34.25993],[-82.053094,34.260028],[-82.05316,34.260237],[-82.053133,34.260413],[-82.052935,34.260798],[-82.052974,34.260853],[-82.053173,34.260886],[-82.053226,34.260952],[-82.053398,34.26137],[-82.053477,34.261469],[-82.053544,34.2617],[-82.053504,34.262282],[-82.053345,34.26248],[-82.053067,34.262678],[-82.053067,34.262766],[-82.05312,34.26281],[-82.053239,34.262859],[-82.053265,34.262975],[-82.053067,34.263415],[-82.052974,34.263799],[-82.052947,34.264151],[-82.052974,34.264239],[-82.053066,34.264382],[-82.053093,34.264492],[-82.053093,34.264613],[-82.05304,34.264723],[-82.052868,34.264899],[-82.052603,34.265064],[-82.052126,34.265295],[-82.05198,34.265383],[-82.051835,34.265427],[-82.051702,34.265438],[-82.051438,34.265372],[-82.051305,34.265372],[-82.051199,34.265405],[-82.050934,34.265427],[-82.050789,34.265394],[-82.050603,34.265273],[-82.050444,34.26513],[-82.050286,34.264899],[-82.050246,34.264778],[-82.050246,34.264679],[-82.050299,34.264536],[-82.050206,34.264448],[-82.050153,34.264371],[-82.050114,34.264261],[-82.050034,34.264157],[-82.049981,34.264184],[-82.049941,34.264338],[-82.049796,34.264464],[-82.049716,34.264503],[-82.049729,34.26475],[-82.049716,34.264794],[-82.049623,34.26486],[-82.049504,34.264882],[-82.049359,34.264981],[-82.049239,34.265014],[-82.048796,34.264937],[-82.048723,34.265047],[-82.048749,34.265344],[-82.04871,34.26552],[-82.04867,34.265531],[-82.048537,34.265454],[-82.048471,34.2653],[-82.048432,34.265058],[-82.048352,34.264937],[-82.048299,34.264893],[-82.04818,34.264882],[-82.047809,34.265003],[-82.047571,34.265047],[-82.047386,34.265058],[-82.047306,34.265047],[-82.046803,34.264871],[-82.046445,34.264816],[-82.046167,34.264728],[-82.046088,34.264662],[-82.046061,34.264541],[-82.046061,34.264343],[-82.046035,34.264266],[-82.045969,34.264189],[-82.045823,34.264189],[-82.045651,34.264277],[-82.045426,34.26431],[-82.045214,34.264244],[-82.045174,34.264211],[-82.045055,34.264167],[-82.044949,34.264079],[-82.04491,34.26398],[-82.044909,34.263903],[-82.044976,34.263727],[-82.045095,34.263519],[-82.045267,34.263343],[-82.045545,34.262991],[-82.045559,34.262947],[-82.045612,34.262903],[-82.045638,34.262793],[-82.045625,34.262694],[-82.045665,34.262584],[-82.045665,34.262518],[-82.045625,34.262485],[-82.045466,34.262496],[-82.045188,34.262672],[-82.04483,34.263002],[-82.044804,34.263057],[-82.044406,34.263485],[-82.044102,34.263683],[-82.04393,34.263738],[-82.043532,34.263771],[-82.04336,34.263749],[-82.043281,34.263716],[-82.042937,34.263496],[-82.04246,34.263386],[-82.042102,34.26321],[-82.041851,34.263155],[-82.041652,34.263089],[-82.04148,34.262979],[-82.041414,34.262902],[-82.041388,34.26265],[-82.041441,34.262287],[-82.04152,34.262111],[-82.04156,34.262067],[-82.041626,34.261924],[-82.041759,34.261748],[-82.041865,34.26166],[-82.041957,34.261616],[-82.042183,34.26155],[-82.042196,34.261506],[-82.04213,34.26144],[-82.041891,34.261374],[-82.041653,34.261231],[-82.0416,34.261165],[-82.041547,34.261033],[-82.041454,34.260616],[-82.041415,34.260198],[-82.041468,34.259626],[-82.041587,34.25934],[-82.041799,34.259043],[-82.041813,34.258972],[-82.04168,34.258945],[-82.041376,34.259175],[-82.041097,34.259285],[-82.040938,34.259307],[-82.040833,34.259285],[-82.040647,34.259197],[-82.040634,34.259274],[-82.040727,34.259571],[-82.040753,34.25989],[-82.0407,34.259978],[-82.040634,34.260022],[-82.040501,34.260044],[-82.040462,34.260088],[-82.040475,34.26011],[-82.040673,34.260165],[-82.040766,34.260253],[-82.040766,34.260352],[-82.040634,34.260703],[-82.040528,34.260857],[-82.040488,34.261],[-82.040488,34.261209],[-82.040567,34.26166],[-82.04054,34.261803],[-82.040448,34.261968],[-82.040275,34.262166],[-82.040103,34.262265],[-82.039746,34.262418],[-82.039375,34.262517],[-82.038991,34.262539],[-82.0387,34.262517],[-82.038196,34.262407],[-82.037495,34.262363],[-82.037375,34.262308],[-82.037296,34.262231],[-82.03723,34.262011],[-82.03719,34.261692],[-82.037124,34.261615],[-82.037018,34.261626],[-82.036846,34.261736],[-82.036621,34.261813],[-82.036369,34.261835],[-82.036171,34.261824],[-82.036091,34.261802],[-82.035985,34.261736],[-82.035972,34.261604],[-82.036012,34.261472],[-82.036131,34.261318],[-82.036396,34.261077],[-82.036648,34.260747],[-82.036727,34.260571],[-82.036674,34.260505],[-82.036489,34.260505],[-82.035986,34.260615],[-82.03592,34.260571],[-82.035853,34.260384],[-82.035814,34.260351],[-82.035774,34.260384],[-82.035681,34.260692],[-82.035615,34.260857],[-82.035562,34.260922],[-82.035363,34.261054],[-82.035271,34.261076],[-82.035112,34.261076],[-82.0349,34.26101],[-82.034675,34.261021],[-82.034556,34.260999],[-82.033827,34.260581],[-82.033338,34.260372],[-82.033192,34.260273],[-82.033139,34.260196],[-82.033126,34.260087],[-82.033179,34.259966],[-82.033378,34.259702],[-82.03351,34.259405],[-82.033735,34.259009],[-82.03404,34.258778],[-82.034093,34.258712],[-82.034199,34.258438],[-82.034318,34.258251],[-82.034491,34.258053],[-82.034557,34.257877],[-82.034597,34.257624],[-82.03457,34.257558],[-82.034537,34.257547],[-82.034292,34.257767],[-82.034093,34.257866],[-82.033524,34.25836],[-82.032954,34.258619],[-82.032557,34.258926],[-82.032451,34.258992],[-82.032345,34.259025],[-82.031842,34.259091],[-82.031524,34.25908],[-82.031365,34.259047],[-82.031193,34.258926],[-82.03114,34.258739],[-82.03114,34.258519],[-82.031339,34.257794],[-82.031326,34.257717],[-82.03126,34.257728],[-82.030995,34.258025],[-82.03073,34.258255],[-82.030492,34.258519],[-82.0302,34.258662],[-82.029869,34.258728],[-82.029624,34.258722],[-82.029525,34.258651],[-82.029419,34.258464],[-82.029393,34.258299],[-82.029406,34.258167],[-82.029459,34.258046],[-82.029804,34.257475],[-82.030227,34.256903],[-82.030373,34.25676],[-82.030612,34.256617],[-82.030638,34.25654],[-82.030585,34.25643],[-82.030585,34.256342],[-82.030864,34.255716],[-82.030956,34.255573],[-82.031049,34.255507],[-82.031062,34.25543],[-82.031115,34.255342],[-82.031288,34.255254],[-82.031446,34.255122],[-82.031447,34.255051],[-82.031155,34.255144],[-82.030851,34.255166],[-82.030652,34.255221],[-82.030559,34.255265],[-82.030347,34.255397],[-82.030162,34.255562],[-82.030016,34.255705],[-82.029764,34.256023],[-82.029473,34.256122],[-82.029407,34.256177],[-82.02938,34.256232],[-82.029394,34.256309],[-82.029473,34.25643],[-82.029076,34.256496],[-82.02893,34.256562],[-82.026625,34.258188],[-82.026546,34.258199],[-82.026414,34.258122],[-82.0264,34.258078],[-82.026466,34.258002],[-82.026467,34.257914],[-82.026572,34.257815],[-82.027328,34.257232],[-82.027553,34.257078],[-82.027831,34.256924],[-82.028692,34.256298],[-82.028652,34.256254],[-82.028506,34.256265],[-82.028427,34.256221],[-82.028493,34.256078],[-82.028533,34.255891],[-82.028507,34.255737],[-82.028454,34.25566],[-82.028374,34.255594],[-82.028295,34.255572],[-82.028083,34.255605],[-82.028017,34.255594],[-82.027938,34.255539],[-82.027924,34.25533],[-82.027885,34.255165],[-82.027898,34.255066],[-82.027964,34.254989],[-82.028348,34.254693],[-82.028375,34.254594],[-82.028282,34.254539],[-82.028077,34.254517],[-82.027706,34.254528],[-82.027428,34.254495],[-82.027269,34.254396],[-82.02723,34.254319],[-82.027203,34.254099],[-82.027217,34.254],[-82.027323,34.253835],[-82.027601,34.253648],[-82.027601,34.253307],[-82.027628,34.253197],[-82.027773,34.252977],[-82.027866,34.252911],[-82.028051,34.252824],[-82.028846,34.252648],[-82.028912,34.252593],[-82.028833,34.252527],[-82.028542,34.25245],[-82.028475,34.252406],[-82.028436,34.25223],[-82.028542,34.251955],[-82.028528,34.251856],[-82.028449,34.251702],[-82.028423,34.251592],[-82.028423,34.251383],[-82.028476,34.251246],[-82.028436,34.251196],[-82.028277,34.251317],[-82.027973,34.251603],[-82.0278,34.251823],[-82.027655,34.251966],[-82.027509,34.252043],[-82.027403,34.252076],[-82.027098,34.252285],[-82.026701,34.252735],[-82.026595,34.25279],[-82.026476,34.252768],[-82.026396,34.252702],[-82.026396,34.252625],[-82.026436,34.252559],[-82.0269,34.25223],[-82.027046,34.252098],[-82.027337,34.251768],[-82.027417,34.251603],[-82.027443,34.251438],[-82.02743,34.251218],[-82.027456,34.251141],[-82.027682,34.250932],[-82.027814,34.250746],[-82.027854,34.250658],[-82.027841,34.250614],[-82.027761,34.250548],[-82.027364,34.250526],[-82.027271,34.250504],[-82.027126,34.25035],[-82.027046,34.250339],[-82.026927,34.25035],[-82.026636,34.250448],[-82.026504,34.25047],[-82.026384,34.250459],[-82.026292,34.250393],[-82.026279,34.250283],[-82.026338,34.250135],[-82.02648,34.249813],[-82.026619,34.249626],[-82.027016,34.249351],[-82.027129,34.249242],[-82.027142,34.249198],[-82.027222,34.249099],[-82.027394,34.248928],[-82.027573,34.248802],[-82.027831,34.248681],[-82.027957,34.24856],[-82.028069,34.248494],[-82.02848,34.248384],[-82.028566,34.248324],[-82.028572,34.248296],[-82.028552,34.24828],[-82.02838,34.248302],[-82.028294,34.248274],[-82.028162,34.248362],[-82.027851,34.248406],[-82.027765,34.248395],[-82.027659,34.248329],[-82.027533,34.248307],[-82.027381,34.248368],[-82.027169,34.248494],[-82.026997,34.248527],[-82.026652,34.248747],[-82.0265,34.248763],[-82.026262,34.248752],[-82.026196,34.248769],[-82.026043,34.248868],[-82.025686,34.2489],[-82.02554,34.249038],[-82.025249,34.249373],[-82.024984,34.249549],[-82.024825,34.24956],[-82.024712,34.249472],[-82.024679,34.249263],[-82.024699,34.249137],[-82.024819,34.248884],[-82.024852,34.248768],[-82.024825,34.248669],[-82.024719,34.248603],[-82.024494,34.248559],[-82.024402,34.248504],[-82.024362,34.248466],[-82.024296,34.248339],[-82.024316,34.24807],[-82.024561,34.247449],[-82.024548,34.247377],[-82.024462,34.247317],[-82.024012,34.247245],[-82.023793,34.24713],[-82.023595,34.246899],[-82.02333,34.246426],[-82.023211,34.245887],[-82.023244,34.245662],[-82.023384,34.245327],[-82.023543,34.245046],[-82.023457,34.244969],[-82.023384,34.244975],[-82.023225,34.245063],[-82.023086,34.245079],[-82.022901,34.245068],[-82.02257,34.245013],[-82.022404,34.244964],[-82.022199,34.24481],[-82.02212,34.244722],[-82.021948,34.244447],[-82.021855,34.244216],[-82.021551,34.243913],[-82.021485,34.243737],[-82.021399,34.243292],[-82.021339,34.243155],[-82.021253,34.243023],[-82.021207,34.242858],[-82.021214,34.242698],[-82.021393,34.242253],[-82.021379,34.242198],[-82.021293,34.24216],[-82.021154,34.242176],[-82.02077,34.242451],[-82.020611,34.242495],[-82.020419,34.242467],[-82.020241,34.242396],[-82.020095,34.242297],[-82.019778,34.242016],[-82.019685,34.24189],[-82.019606,34.241736],[-82.01948,34.24128],[-82.019434,34.241203],[-82.019262,34.241076],[-82.019183,34.24073],[-82.01909,34.240702],[-82.018957,34.240735],[-82.018878,34.240779],[-82.018375,34.241191],[-82.018216,34.241362],[-82.01807,34.24145],[-82.017805,34.241735],[-82.017765,34.241812],[-82.017726,34.242021],[-82.01762,34.242131],[-82.017527,34.242186],[-82.017421,34.242219],[-82.017169,34.242252],[-82.017077,34.242241],[-82.016971,34.242175],[-82.016931,34.242109],[-82.016912,34.241851],[-82.016918,34.24168],[-82.016958,34.241526],[-82.016958,34.241328],[-82.016839,34.241196],[-82.01676,34.241185],[-82.01664,34.241207],[-82.015694,34.241531],[-82.015502,34.24157],[-82.015383,34.24157],[-82.015158,34.241548],[-82.014919,34.241427],[-82.014569,34.241383],[-82.014456,34.241338],[-82.014231,34.241338],[-82.014138,34.241272],[-82.014059,34.241184],[-82.014033,34.241129],[-82.014039,34.240998],[-82.014178,34.240866],[-82.014946,34.240657],[-82.015297,34.240448],[-82.015496,34.240366],[-82.01678,34.240179],[-82.017336,34.24007],[-82.01766,34.239987],[-82.018025,34.239938],[-82.018614,34.239911],[-82.018951,34.239949],[-82.019236,34.240054],[-82.019395,34.239999],[-82.019567,34.239878],[-82.019686,34.239845],[-82.020083,34.239922],[-82.020639,34.240142],[-82.021049,34.240351],[-82.021274,34.240439],[-82.021367,34.240494],[-82.021446,34.240571],[-82.021459,34.240664],[-82.021612,34.24078],[-82.021843,34.240912],[-82.022148,34.241049],[-82.022545,34.241269],[-82.022704,34.241379],[-82.022743,34.241434],[-82.022849,34.241511],[-82.022915,34.241533],[-82.023034,34.241533],[-82.023127,34.241511],[-82.02318,34.241478],[-82.023352,34.241457],[-82.02365,34.241484],[-82.023922,34.241435],[-82.024113,34.24144],[-82.024239,34.241479],[-82.024491,34.241633],[-82.024663,34.241655],[-82.024729,34.241644],[-82.024921,34.241539],[-82.025067,34.241539],[-82.025325,34.241611],[-82.025629,34.24182],[-82.025748,34.241842],[-82.026503,34.241787],[-82.026979,34.241853],[-82.027165,34.241908],[-82.027244,34.241908],[-82.027284,34.241875],[-82.027337,34.241754],[-82.027403,34.241677],[-82.027615,34.241535],[-82.027867,34.241425],[-82.027933,34.24137],[-82.028012,34.241249],[-82.028098,34.241194],[-82.028317,34.241161],[-82.028628,34.241188],[-82.02878,34.241172],[-82.028906,34.241062],[-82.029018,34.241002],[-82.029515,34.240969],[-82.029647,34.240936],[-82.030005,34.240903],[-82.03017,34.240864],[-82.030316,34.240755],[-82.030409,34.240733],[-82.030501,34.240744],[-82.030567,34.240777],[-82.030905,34.24103],[-82.03105,34.241095],[-82.031196,34.241118],[-82.031666,34.241112],[-82.031805,34.241151],[-82.031871,34.241151],[-82.031951,34.241107],[-82.031918,34.241035],[-82.031911,34.240909],[-82.031852,34.240865],[-82.031785,34.240837],[-82.031534,34.240804],[-82.031362,34.240744],[-82.031243,34.240678],[-82.03119,34.240623],[-82.031229,34.240579],[-82.031342,34.240551],[-82.030978,34.240188],[-82.030647,34.239787],[-82.030502,34.239677],[-82.030376,34.23965],[-82.030184,34.239699],[-82.029972,34.239787],[-82.029648,34.23977],[-82.029297,34.239677],[-82.029218,34.239688],[-82.028979,34.23993],[-82.02837,34.240171],[-82.02796,34.240644],[-82.027814,34.240787],[-82.027708,34.240864],[-82.027602,34.240908],[-82.027456,34.24093],[-82.027251,34.240913],[-82.026861,34.24082],[-82.026728,34.24082],[-82.026358,34.240864],[-82.026119,34.240864],[-82.025855,34.240831],[-82.025788,34.240808],[-82.02557,34.240644],[-82.025431,34.240611],[-82.025338,34.240611],[-82.025232,34.240517],[-82.025113,34.240369],[-82.025007,34.240336],[-82.024915,34.240357],[-82.024663,34.240467],[-82.024451,34.240489],[-82.024068,34.240445],[-82.02379,34.240368],[-82.023386,34.240104],[-82.022863,34.239818],[-82.022744,34.239725],[-82.022691,34.23962],[-82.022704,34.239477],[-82.022671,34.239252],[-82.022797,34.238873],[-82.022837,34.238565],[-82.022798,34.238532],[-82.022731,34.238565],[-82.022665,34.238686],[-82.022599,34.238851],[-82.022519,34.239224],[-82.022426,34.239356],[-82.022195,34.239543],[-82.022056,34.239571],[-82.021877,34.23956],[-82.021778,34.239538],[-82.021659,34.239483],[-82.021526,34.239395],[-82.021341,34.239186],[-82.021096,34.238746],[-82.020799,34.238416],[-82.020653,34.238295],[-82.020143,34.237965],[-82.020024,34.23786],[-82.019892,34.237701],[-82.0198,34.237415],[-82.019906,34.237074],[-82.019879,34.236657],[-82.019826,34.236624],[-82.01976,34.236673],[-82.019429,34.237085],[-82.019257,34.237448],[-82.019098,34.237723],[-82.019032,34.2378],[-82.01886,34.237904],[-82.018323,34.237975],[-82.018198,34.238107],[-82.017986,34.23825],[-82.017741,34.238278],[-82.017549,34.238338],[-82.01739,34.23836],[-82.017244,34.23836],[-82.016953,34.238272],[-82.016702,34.238118],[-82.016596,34.238024],[-82.016358,34.237722],[-82.016331,34.237612],[-82.016265,34.237584],[-82.016199,34.237694],[-82.016146,34.237854],[-82.015987,34.23803],[-82.015888,34.238107],[-82.015669,34.238211],[-82.015497,34.238238],[-82.015365,34.23815],[-82.015192,34.238139],[-82.015087,34.238106],[-82.014888,34.237996],[-82.014729,34.237952],[-82.01465,34.237952],[-82.01457,34.238073],[-82.014405,34.238161],[-82.014325,34.23826],[-82.014226,34.238315],[-82.014001,34.238342],[-82.013922,34.238287],[-82.013829,34.23804],[-82.013736,34.237897],[-82.013624,34.237809],[-82.013472,34.237781],[-82.013379,34.237842],[-82.01326,34.2381],[-82.012942,34.238292],[-82.012598,34.238441],[-82.012478,34.238501],[-82.012412,34.238556],[-82.012399,34.238611],[-82.012412,34.238853],[-82.012386,34.238919],[-82.01228,34.238985],[-82.011975,34.239018],[-82.011763,34.238919],[-82.011591,34.238913],[-82.011048,34.238979],[-82.010903,34.238968],[-82.010837,34.238946],[-82.010704,34.238858],[-82.010612,34.23877],[-82.010546,34.238682],[-82.010493,34.238495],[-82.010493,34.238396],[-82.010546,34.238143],[-82.010533,34.238],[-82.010427,34.237857],[-82.010275,34.237819],[-82.009924,34.237791],[-82.009864,34.237769],[-82.009739,34.23767],[-82.009725,34.237615],[-82.009739,34.237428],[-82.009646,34.237296],[-82.009593,34.237175],[-82.009567,34.236912],[-82.009422,34.236769],[-82.009355,34.236571],[-82.009408,34.236384],[-82.009501,34.236274],[-82.009581,34.236208],[-82.009687,34.236153],[-82.009845,34.236109],[-82.010137,34.236065],[-82.010395,34.23606],[-82.010554,34.236021],[-82.010613,34.235966],[-82.010666,34.235878],[-82.010799,34.235812],[-82.010905,34.235834],[-82.011196,34.236011],[-82.011275,34.236011],[-82.011408,34.23589],[-82.011474,34.23556],[-82.011527,34.235494],[-82.01211,34.235087],[-82.012593,34.234708],[-82.012745,34.23462],[-82.012984,34.234532],[-82.01346,34.234252],[-82.013566,34.234269],[-82.013871,34.234478],[-82.013937,34.2345],[-82.014082,34.234511],[-82.014321,34.234472],[-82.014413,34.234401],[-82.014407,34.234286],[-82.01444,34.234181],[-82.014586,34.234093],[-82.014936,34.234066],[-82.015387,34.233978],[-82.015579,34.233918],[-82.015737,34.233841],[-82.016029,34.233764],[-82.016426,34.233753],[-82.016545,34.23372],[-82.016651,34.233665],[-82.017141,34.233324],[-82.017432,34.23327],[-82.017578,34.233204],[-82.017869,34.23316],[-82.018273,34.233033],[-82.018531,34.233006],[-82.018769,34.233023],[-82.018789,34.232968],[-82.018617,34.23283],[-82.018266,34.23261],[-82.018114,34.232577],[-82.018055,34.232533],[-82.018041,34.232434],[-82.018339,34.231972],[-82.018399,34.231829],[-82.018492,34.231731],[-82.018518,34.231665],[-82.018545,34.231472],[-82.018512,34.23106],[-82.018565,34.230884],[-82.018704,34.230752],[-82.019042,34.230609],[-82.019081,34.230521],[-82.019062,34.230296],[-82.018883,34.229928],[-82.018857,34.229774],[-82.01887,34.229675],[-82.019082,34.229438],[-82.019704,34.22885],[-82.01989,34.22863],[-82.01993,34.228504],[-82.020088,34.2284],[-82.020082,34.22835],[-82.019983,34.228257],[-82.020009,34.228158],[-82.019877,34.228015],[-82.019824,34.227806],[-82.019784,34.227729],[-82.019454,34.22741],[-82.019447,34.227328],[-82.0195,34.227234],[-82.019493,34.227135],[-82.019454,34.227091],[-82.019388,34.22708],[-82.019149,34.227124],[-82.019096,34.227168],[-82.019043,34.227344],[-82.018964,34.227399],[-82.018858,34.227366],[-82.018468,34.227019],[-82.018395,34.227014],[-82.018355,34.227058],[-82.018355,34.227256],[-82.018395,34.22741],[-82.018474,34.227531],[-82.01858,34.227641],[-82.01862,34.227729],[-82.018633,34.227806],[-82.018613,34.227877],[-82.0185,34.228102],[-82.018381,34.228245],[-82.018235,34.228542],[-82.017984,34.228905],[-82.017931,34.229059],[-82.017851,34.229575],[-82.017785,34.22974],[-82.017612,34.230004],[-82.017387,34.230444],[-82.017374,34.230576],[-82.0174,34.230642],[-82.017506,34.230774],[-82.017533,34.230906],[-82.017506,34.230972],[-82.017307,34.231246],[-82.017148,34.231576],[-82.017029,34.232153],[-82.016916,34.232318],[-82.016738,34.232489],[-82.01638,34.23262],[-82.016215,34.232752],[-82.016148,34.232774],[-82.016029,34.232796],[-82.015817,34.232774],[-82.015619,34.232675],[-82.015453,34.232631],[-82.015281,34.232554],[-82.015149,34.232444],[-82.014931,34.232153],[-82.014825,34.232202],[-82.014832,34.232312],[-82.014792,34.232389],[-82.014533,34.23268],[-82.014222,34.232873],[-82.014103,34.232895],[-82.013971,34.232873],[-82.013918,34.232829],[-82.013852,34.232818],[-82.013382,34.232834],[-82.013289,34.232823],[-82.013097,34.232707],[-82.012991,34.232575],[-82.012899,34.232267],[-82.012866,34.231998],[-82.012807,34.231762],[-82.012747,34.231718],[-82.012701,34.231767],[-82.012727,34.231861],[-82.012634,34.232273],[-82.012661,34.232366],[-82.01274,34.232498],[-82.012707,34.232592],[-82.012634,34.232674],[-82.012574,34.232779],[-82.012554,34.23296],[-82.012528,34.233026],[-82.012475,34.233081],[-82.012303,34.233185],[-82.011998,34.233328],[-82.011899,34.233405],[-82.01174,34.233427],[-82.011667,34.233504],[-82.011641,34.233614],[-82.011601,34.233647],[-82.011376,34.233669],[-82.011283,34.233702],[-82.011164,34.233834],[-82.011058,34.234053],[-82.010978,34.234119],[-82.010859,34.234141],[-82.009807,34.234163],[-82.009489,34.234135],[-82.009191,34.234075],[-82.009059,34.234031],[-82.00894,34.233965],[-82.008781,34.233833],[-82.008537,34.233195],[-82.008444,34.233013],[-82.008385,34.23281],[-82.008372,34.232667],[-82.008385,34.23215],[-82.008352,34.231815],[-82.00822,34.231375],[-82.008214,34.231194],[-82.008273,34.230979],[-82.008399,34.230765],[-82.008631,34.230468],[-82.008783,34.23021],[-82.008691,34.230215],[-82.008227,34.230501],[-82.008029,34.230578],[-82.007592,34.230897],[-82.007473,34.230952],[-82.00732,34.230957],[-82.007128,34.230853],[-82.007023,34.230759],[-82.006983,34.230644],[-82.00701,34.23016],[-82.006997,34.230105],[-82.006944,34.23005],[-82.006871,34.230022],[-82.006844,34.230061],[-82.006864,34.230292],[-82.006838,34.230468],[-82.006732,34.230665],[-82.006533,34.23083],[-82.006486,34.230891],[-82.006486,34.230918],[-82.006513,34.23094],[-82.006969,34.231083],[-82.007075,34.231138],[-82.007194,34.231248],[-82.00734,34.231611],[-82.007426,34.231732],[-82.007492,34.231892],[-82.007525,34.23204],[-82.007511,34.232436],[-82.007445,34.232771],[-82.007346,34.232898],[-82.007154,34.233019],[-82.007087,34.23304],[-82.007015,34.233101],[-82.007067,34.233145],[-82.007253,34.233178],[-82.007339,34.233211],[-82.007431,34.233304],[-82.007458,34.233403],[-82.007458,34.233513],[-82.007425,34.233645],[-82.007312,34.233821],[-82.007127,34.233975],[-82.00706,34.234008],[-82.006544,34.234096],[-82.006306,34.234107],[-82.005962,34.234084],[-82.005849,34.234128],[-82.005842,34.234161],[-82.005856,34.234189],[-82.006081,34.234315],[-82.007192,34.234679],[-82.007298,34.234789],[-82.007311,34.234888],[-82.007298,34.234943],[-82.007331,34.23508],[-82.007417,34.235239],[-82.007397,34.235366],[-82.007072,34.235855],[-82.007046,34.235954],[-82.007046,34.236141],[-82.006979,34.23635],[-82.00684,34.236531],[-82.006774,34.236581],[-82.006648,34.236619],[-82.006542,34.236624],[-82.006331,34.236525],[-82.006205,34.236503],[-82.00592,34.236536],[-82.005702,34.23652],[-82.00547,34.236481],[-82.005325,34.236415],[-82.005153,34.236371],[-82.005053,34.236393],[-82.00502,34.236519],[-82.005152,34.236602],[-82.005344,34.236679],[-82.005616,34.236866],[-82.005682,34.236943],[-82.005754,34.237086],[-82.005993,34.23735],[-82.006059,34.237471],[-82.006098,34.237691],[-82.006098,34.237856],[-82.006058,34.238131],[-82.005965,34.238284],[-82.005886,34.23835],[-82.005687,34.23846],[-82.005502,34.238515],[-82.005277,34.238548],[-82.004893,34.238702],[-82.004761,34.23874],[-82.004469,34.238767],[-82.004046,34.238745],[-82.003543,34.238591],[-82.00249,34.238387],[-82.002352,34.238382],[-82.002126,34.238442],[-82.002027,34.238448],[-82.001921,34.238415],[-82.001815,34.238294],[-82.001683,34.23792],[-82.001564,34.237771],[-82.001445,34.237667],[-82.0013,34.237601],[-82.001048,34.237535],[-82.000565,34.237348],[-81.999855,34.237196],[-81.999686,34.237131],[-81.9996,34.237153],[-81.999587,34.237236],[-81.999607,34.237291],[-81.999843,34.237485],[-82.00036,34.237804],[-82.000571,34.238123],[-82.000644,34.238293],[-82.00065,34.238398],[-82.000624,34.238508],[-82.000518,34.23865],[-82.000326,34.238793],[-82.000107,34.23892],[-81.999975,34.239051],[-81.999842,34.23909],[-81.999449,34.239023],[-81.999231,34.238957],[-81.999125,34.238896],[-81.998834,34.238676],[-81.998648,34.238435],[-81.998542,34.238347],[-81.998463,34.238358],[-81.99837,34.238446],[-81.998278,34.238589],[-81.998119,34.238732],[-81.998026,34.238787],[-81.997867,34.238831],[-81.997788,34.238831],[-81.997669,34.238754],[-81.997615,34.238358],[-81.997589,34.237913],[-81.997602,34.237473],[-81.997641,34.237121],[-81.997535,34.236737],[-81.997469,34.236583],[-81.997376,34.236451],[-81.997296,34.236407],[-81.997085,34.236429],[-81.996906,34.236396],[-81.996859,34.236451],[-81.996952,34.236693],[-81.996979,34.23688],[-81.996926,34.2371],[-81.996953,34.237331],[-81.99694,34.237375],[-81.996702,34.237617],[-81.996675,34.237738],[-81.996675,34.238046],[-81.996609,34.23821],[-81.99653,34.238309],[-81.996279,34.238551],[-81.996186,34.238606],[-81.995987,34.238673],[-81.995564,34.238739],[-81.995458,34.238794],[-81.995365,34.238871],[-81.995286,34.238904],[-81.99518,34.238915],[-81.994889,34.238827],[-81.994598,34.238838],[-81.994293,34.238893],[-81.99383,34.238839],[-81.993353,34.23863],[-81.992929,34.238498],[-81.992585,34.23841],[-81.992056,34.238345],[-81.991446,34.238125],[-81.990983,34.238103],[-81.990692,34.238071],[-81.990533,34.237983],[-81.990453,34.237961],[-81.990083,34.237752],[-81.989685,34.237488],[-81.989632,34.237356],[-81.989659,34.23717],[-81.989685,34.237104],[-81.989791,34.236972],[-81.990373,34.236543],[-81.990849,34.236267],[-81.991207,34.236102],[-81.991663,34.235739],[-81.991855,34.235706],[-81.992265,34.235574],[-81.992927,34.235145],[-81.993152,34.234897],[-81.993178,34.234721],[-81.993112,34.234656],[-81.993046,34.234656],[-81.992371,34.234953],[-81.991431,34.235206],[-81.991193,34.23525],[-81.990994,34.235239],[-81.990809,34.235184],[-81.99069,34.235217],[-81.990637,34.235316],[-81.990531,34.235437],[-81.990439,34.235493],[-81.99028,34.235548],[-81.990068,34.235592],[-81.989631,34.235636],[-81.989168,34.235636],[-81.98889,34.235581],[-81.988797,34.235537],[-81.988612,34.235405],[-81.988559,34.235328],[-81.988466,34.234955],[-81.988386,34.234779],[-81.988267,34.234603],[-81.988068,34.234405],[-81.987817,34.234196],[-81.987684,34.234119],[-81.987631,34.234109],[-81.986798,34.234307],[-81.986672,34.234351],[-81.986904,34.234834],[-81.98693,34.235076],[-81.986917,34.235329],[-81.986891,34.235439],[-81.986825,34.235549],[-81.986679,34.235692],[-81.986481,34.235747],[-81.985859,34.235704],[-81.98566,34.235737],[-81.985342,34.235847],[-81.985064,34.235913],[-81.98468,34.235913],[-81.984495,34.235825],[-81.984071,34.235451],[-81.984032,34.235397],[-81.984005,34.235276],[-81.984058,34.235067],[-81.984124,34.234946],[-81.984441,34.234572],[-81.984455,34.234528],[-81.984534,34.234451],[-81.9846,34.234341],[-81.984666,34.234088],[-81.984692,34.233522],[-81.984719,34.233467],[-81.984798,34.233016],[-81.984864,34.232785],[-81.984956,34.232631],[-81.985076,34.23251],[-81.985261,34.232433],[-81.985353,34.232422],[-81.985711,34.232466],[-81.985883,34.232565],[-81.985989,34.232663],[-81.986068,34.232784],[-81.986108,34.232999],[-81.986069,34.233153],[-81.98591,34.23334],[-81.985791,34.233439],[-81.98542,34.233604],[-81.985315,34.233714],[-81.985288,34.233791],[-81.985288,34.233879],[-81.985341,34.234],[-81.985407,34.234055],[-81.985527,34.234098],[-81.986003,34.234142],[-81.986361,34.234186],[-81.986427,34.234208],[-81.987605,34.233911],[-81.987591,34.233724],[-81.987525,34.233581],[-81.987313,34.233262],[-81.987286,34.233064],[-81.987339,34.232954],[-81.987525,34.232844],[-81.987697,34.2328],[-81.988795,34.232734],[-81.988987,34.232701],[-81.989259,34.232536],[-81.989523,34.232184],[-81.989708,34.232008],[-81.989867,34.23192],[-81.990066,34.231864],[-81.990118,34.231787],[-81.990158,34.23159],[-81.990257,34.231392],[-81.990694,34.230853],[-81.990998,34.230556],[-81.991262,34.230402],[-81.991474,34.230226],[-81.99154,34.230193],[-81.991633,34.230083],[-81.99162,34.230028],[-81.991501,34.23005],[-81.991289,34.230127],[-81.99076,34.230341],[-81.99072,34.23038],[-81.99019,34.230551],[-81.990045,34.230639],[-81.989741,34.230892],[-81.98894,34.231601],[-81.988821,34.231667],[-81.988556,34.2317],[-81.988331,34.231629],[-81.988278,34.231596],[-81.987458,34.231299],[-81.987272,34.23119],[-81.98702,34.230915],[-81.986656,34.230607],[-81.986444,34.230497],[-81.986285,34.230442],[-81.986153,34.230355],[-81.986007,34.230069],[-81.985769,34.229827],[-81.98569,34.229772],[-81.985636,34.229651],[-81.985702,34.229398],[-81.985742,34.229365],[-81.985821,34.229156],[-81.985888,34.229057],[-81.98594,34.229013],[-81.985954,34.228969],[-81.986086,34.228859],[-81.986258,34.22865],[-81.986403,34.228529],[-81.986721,34.228458],[-81.986734,34.228386],[-81.986695,34.228353],[-81.986536,34.228309],[-81.986125,34.228244],[-81.985728,34.228145],[-81.985503,34.227958],[-81.98541,34.227738],[-81.985304,34.22765],[-81.985238,34.227628],[-81.985093,34.22765],[-81.984907,34.227859],[-81.984762,34.227947],[-81.984669,34.227947],[-81.98457,34.227859],[-81.984563,34.227689],[-81.984616,34.227425],[-81.984589,34.227161],[-81.984337,34.226601],[-81.984298,34.226403],[-81.984324,34.226106],[-81.984403,34.225842],[-81.984721,34.225446],[-81.985461,34.224753],[-81.985739,34.224555],[-81.985805,34.224368],[-81.985739,34.224181],[-81.985554,34.223807],[-81.985514,34.223588],[-81.985567,34.223401],[-81.985606,34.223368],[-81.985619,34.223313],[-81.985672,34.223247],[-81.985685,34.223192],[-81.985738,34.223137],[-81.985752,34.223082],[-81.985791,34.223049],[-81.985824,34.222972],[-81.986063,34.222763],[-81.986274,34.222741],[-81.98638,34.222763],[-81.986632,34.222905],[-81.98687,34.223125],[-81.987062,34.223378],[-81.987281,34.223603],[-81.987446,34.22373],[-81.987539,34.223763],[-81.987618,34.223763],[-81.98779,34.223696],[-81.987923,34.223675],[-81.988201,34.223685],[-81.988651,34.22385],[-81.988664,34.223817],[-81.988538,34.223487],[-81.988101,34.222872],[-81.987876,34.222421],[-81.987836,34.222135],[-81.987875,34.221948],[-81.988074,34.221706],[-81.988193,34.221618],[-81.988351,34.221552],[-81.988457,34.221464],[-81.98851,34.221343],[-81.988735,34.221134],[-81.988867,34.221057],[-81.989106,34.220958],[-81.989595,34.220799],[-81.98982,34.220749],[-81.990442,34.220716],[-81.991633,34.22077],[-81.991898,34.220836],[-81.992176,34.220946],[-81.992467,34.221144],[-81.992759,34.221066],[-81.993804,34.221165],[-81.994426,34.221131],[-81.995247,34.220977],[-81.995313,34.220944],[-81.995326,34.2209],[-81.995247,34.220834],[-81.995048,34.220768],[-81.994969,34.220713],[-81.994644,34.220725],[-81.994452,34.220758],[-81.994333,34.220758],[-81.994002,34.220714],[-81.993698,34.220604],[-81.99338,34.220395],[-81.993235,34.220363],[-81.993115,34.220374],[-81.992824,34.220352],[-81.992705,34.220319],[-81.992056,34.219945],[-81.991699,34.219682],[-81.991566,34.219638],[-81.991236,34.219594],[-81.991116,34.219539],[-81.990905,34.219396],[-81.990812,34.219352],[-81.990679,34.219319],[-81.990521,34.219297],[-81.990256,34.219298],[-81.989541,34.219375],[-81.989157,34.219381],[-81.988946,34.219359],[-81.988721,34.21926],[-81.988548,34.219095],[-81.988522,34.218886],[-81.988562,34.218743],[-81.988628,34.218644],[-81.988879,34.218402],[-81.988905,34.218336],[-81.988932,34.218105],[-81.988839,34.218039],[-81.988773,34.218039],[-81.988627,34.218083],[-81.988349,34.218116],[-81.98827,34.218083],[-81.988084,34.21793],[-81.987939,34.217677],[-81.987912,34.217578],[-81.987806,34.217369],[-81.987766,34.217182],[-81.987766,34.217039],[-81.987872,34.216808],[-81.987898,34.216687],[-81.987806,34.216589],[-81.987687,34.216589],[-81.987621,34.216611],[-81.987382,34.216765],[-81.987157,34.216963],[-81.986999,34.217183],[-81.986972,34.217337],[-81.986999,34.217545],[-81.987344,34.218304],[-81.987397,34.218557],[-81.987397,34.218898],[-81.987331,34.219282],[-81.987186,34.219546],[-81.987027,34.219733],[-81.986881,34.219821],[-81.986802,34.219843],[-81.986617,34.219832],[-81.986286,34.219734],[-81.98618,34.219745],[-81.986114,34.2198],[-81.9861,34.219844],[-81.986114,34.219899],[-81.986246,34.220053],[-81.986246,34.220146],[-81.986127,34.220218],[-81.985889,34.22024],[-81.985743,34.220284],[-81.985637,34.220328],[-81.985386,34.220493],[-81.985016,34.220614],[-81.984804,34.220757],[-81.984407,34.220867],[-81.984328,34.220911],[-81.984275,34.220966],[-81.984195,34.221131],[-81.984142,34.221186],[-81.983918,34.221307],[-81.983692,34.221373],[-81.983494,34.221472],[-81.983203,34.221692],[-81.982978,34.221934],[-81.98278,34.222055],[-81.982555,34.222055],[-81.982383,34.222022],[-81.982118,34.221901],[-81.981827,34.221814],[-81.981654,34.221836],[-81.981535,34.221891],[-81.981423,34.22199],[-81.981357,34.2221],[-81.981145,34.222298],[-81.980894,34.222441],[-81.980563,34.222551],[-81.979967,34.222694],[-81.97916,34.222837],[-81.978657,34.22287],[-81.978551,34.222859],[-81.978432,34.222815],[-81.97826,34.222695],[-81.978154,34.222563],[-81.977863,34.222046],[-81.977796,34.221705],[-81.977836,34.221639],[-81.977968,34.221507],[-81.978127,34.221397],[-81.97818,34.221386],[-81.978326,34.221386],[-81.978431,34.221419],[-81.97867,34.221452],[-81.978868,34.221408],[-81.979245,34.221364],[-81.979828,34.221331],[-81.979947,34.221265],[-81.980039,34.221122],[-81.980278,34.220891],[-81.980516,34.22077],[-81.980807,34.22066],[-81.981058,34.220517],[-81.981204,34.220385],[-81.98123,34.22033],[-81.981217,34.220286],[-81.981177,34.220253],[-81.981085,34.22022],[-81.980621,34.220187],[-81.980026,34.220231],[-81.979589,34.22033],[-81.979285,34.220363],[-81.97894,34.220363],[-81.978583,34.220331],[-81.978146,34.22021],[-81.97804,34.220166],[-81.977789,34.22004],[-81.977603,34.219908],[-81.977418,34.219721],[-81.977365,34.219622],[-81.977338,34.219369],[-81.977444,34.219127],[-81.977444,34.219072],[-81.977325,34.218753],[-81.977285,34.218533],[-81.977312,34.21838],[-81.977364,34.218303],[-81.977642,34.218094],[-81.977576,34.218017],[-81.977338,34.21794],[-81.977152,34.217852],[-81.977047,34.217775],[-81.976888,34.217478],[-81.976781,34.217027],[-81.976821,34.216895],[-81.976887,34.216829],[-81.97735,34.216697],[-81.977456,34.216642],[-81.977496,34.216565],[-81.97743,34.216488],[-81.977099,34.216423],[-81.976953,34.216324],[-81.976887,34.21617],[-81.976887,34.216115],[-81.976966,34.215939],[-81.977112,34.215829],[-81.977218,34.215774],[-81.977668,34.21562],[-81.977734,34.215548],[-81.977694,34.215499],[-81.977641,34.215488],[-81.976992,34.215521],[-81.976807,34.215499],[-81.976648,34.215433],[-81.976569,34.215367],[-81.976516,34.21529],[-81.976489,34.215202],[-81.976516,34.214961],[-81.976582,34.214779],[-81.976582,34.214669],[-81.976555,34.214614],[-81.976489,34.21457],[-81.976396,34.214636],[-81.976185,34.214878],[-81.976119,34.214911],[-81.976039,34.214922],[-81.975947,34.214889],[-81.97588,34.214834],[-81.975761,34.214658],[-81.975443,34.214296],[-81.975165,34.214098],[-81.975073,34.214087],[-81.975033,34.21412],[-81.975152,34.214307],[-81.975219,34.214494],[-81.975258,34.214955],[-81.975285,34.21501],[-81.975378,34.215483],[-81.975471,34.216357],[-81.975405,34.217798],[-81.975273,34.218556],[-81.975234,34.218622],[-81.975221,34.21871],[-81.975128,34.218842],[-81.975035,34.218908],[-81.97485,34.218952],[-81.974678,34.21893],[-81.974625,34.218897],[-81.973817,34.218106],[-81.973645,34.217963],[-81.973407,34.217853],[-81.973222,34.217732],[-81.973102,34.217633],[-81.972811,34.217326],[-81.972758,34.217348],[-81.972732,34.217491],[-81.972626,34.21759],[-81.97256,34.217612],[-81.972335,34.217612],[-81.972203,34.217579],[-81.971984,34.21759],[-81.971938,34.217656],[-81.972534,34.218084],[-81.972825,34.218359],[-81.972997,34.218568],[-81.973222,34.218931],[-81.973328,34.219063],[-81.973408,34.219261],[-81.973421,34.219458],[-81.973395,34.219623],[-81.973315,34.219821],[-81.973209,34.219986],[-81.973071,34.220107],[-81.972846,34.22025],[-81.9727,34.220316],[-81.972038,34.220404],[-81.971946,34.220459],[-81.971853,34.220602],[-81.971827,34.220888],[-81.971747,34.220932],[-81.971628,34.22091],[-81.971443,34.220778],[-81.970688,34.220075],[-81.970648,34.219998],[-81.970648,34.219811],[-81.970827,34.219448],[-81.970853,34.219305],[-81.970827,34.219217],[-81.970708,34.219097],[-81.970403,34.218976],[-81.970085,34.218811],[-81.969966,34.218811],[-81.9699,34.218899],[-81.969927,34.218976],[-81.970086,34.219163],[-81.970099,34.219295],[-81.97,34.219317],[-81.969808,34.219251],[-81.969371,34.218949],[-81.969172,34.218894],[-81.969126,34.218905],[-81.969066,34.218949],[-81.96904,34.219059],[-81.96906,34.219339],[-81.969034,34.219647],[-81.968941,34.219713],[-81.968848,34.219735],[-81.968802,34.219724],[-81.968531,34.219498],[-81.968451,34.219455],[-81.968226,34.2194],[-81.967908,34.2194],[-81.967723,34.219378],[-81.967631,34.219323],[-81.967472,34.21918],[-81.967366,34.21896],[-81.967306,34.21874],[-81.967306,34.218652],[-81.967359,34.218564],[-81.967491,34.218465],[-81.96769,34.218399],[-81.967862,34.218355],[-81.968166,34.218322],[-81.968272,34.218256],[-81.968298,34.21819],[-81.968232,34.218124],[-81.967822,34.21797],[-81.967663,34.21785],[-81.967583,34.217564],[-81.967491,34.217487],[-81.967411,34.217465],[-81.967253,34.217465],[-81.967001,34.217498],[-81.966935,34.217454],[-81.966882,34.21741],[-81.966895,34.21719],[-81.967027,34.217069],[-81.967358,34.216871],[-81.967835,34.216695],[-81.967993,34.216585],[-81.96806,34.216497],[-81.968059,34.216431],[-81.968007,34.216387],[-81.967265,34.216442],[-81.967067,34.216442],[-81.966815,34.216409],[-81.966657,34.216311],[-81.966604,34.216201],[-81.966418,34.216025],[-81.966233,34.215893],[-81.966034,34.21586],[-81.965955,34.215926],[-81.965915,34.216168],[-81.96573,34.216608],[-81.965677,34.216685],[-81.965519,34.216795],[-81.96532,34.216839],[-81.965069,34.21685],[-81.964989,34.216916],[-81.964976,34.217048],[-81.965042,34.217334],[-81.965095,34.217455],[-81.965115,34.217614],[-81.964976,34.217861],[-81.964791,34.218026],[-81.964593,34.218125],[-81.9645,34.218114],[-81.964434,34.218081],[-81.964248,34.217927],[-81.963984,34.217609],[-81.963732,34.217257],[-81.963679,34.217136],[-81.963666,34.217004],[-81.963692,34.216927],[-81.963785,34.216828],[-81.963997,34.216663],[-81.964261,34.216531],[-81.964327,34.216454],[-81.964354,34.2163],[-81.964314,34.216212],[-81.964221,34.216135],[-81.963996,34.216097],[-81.963414,34.216064],[-81.963308,34.216031],[-81.963176,34.215921],[-81.963149,34.215822],[-81.963149,34.215701],[-81.963109,34.215646],[-81.963057,34.215602],[-81.962831,34.215526],[-81.962739,34.215449],[-81.962725,34.215119],[-81.962686,34.215031],[-81.962593,34.214921],[-81.962302,34.214679],[-81.962262,34.214624],[-81.962236,34.214503],[-81.962249,34.214404],[-81.962328,34.214206],[-81.962407,34.213854],[-81.962474,34.213722],[-81.962619,34.213579],[-81.962738,34.213514],[-81.963188,34.213403],[-81.963691,34.213337],[-81.964115,34.213315],[-81.964459,34.213337],[-81.964657,34.213381],[-81.964988,34.213392],[-81.965451,34.213436],[-81.966153,34.213524],[-81.96651,34.2136],[-81.967053,34.213831],[-81.967344,34.214029],[-81.967423,34.21404],[-81.967675,34.213809],[-81.967926,34.213677],[-81.968495,34.213534],[-81.968601,34.213479],[-81.968786,34.213446],[-81.968985,34.213369],[-81.969038,34.21333],[-81.968998,34.213281],[-81.968746,34.213215],[-81.967688,34.21305],[-81.967291,34.212941],[-81.966827,34.212776],[-81.966523,34.212578],[-81.966457,34.212413],[-81.966483,34.212138],[-81.966536,34.211951],[-81.966695,34.211577],[-81.9668,34.2115],[-81.966926,34.211456],[-81.967025,34.211346],[-81.966992,34.211291],[-81.966966,34.211138],[-81.966992,34.211072],[-81.967296,34.210786],[-81.967415,34.210698],[-81.967468,34.210621],[-81.967402,34.210577],[-81.967323,34.210588],[-81.967032,34.210687],[-81.966569,34.210907],[-81.966317,34.211072],[-81.966185,34.211193],[-81.96598,34.211424],[-81.965861,34.211523],[-81.965715,34.2116],[-81.96553,34.211666],[-81.965054,34.211743],[-81.964855,34.211809],[-81.964392,34.211776],[-81.963995,34.211886],[-81.963558,34.211908],[-81.963479,34.211897],[-81.963267,34.211743],[-81.963161,34.211567],[-81.963055,34.211457],[-81.962923,34.211425],[-81.962764,34.211513],[-81.962632,34.211644],[-81.962486,34.211721],[-81.962407,34.211798],[-81.962288,34.212007],[-81.962129,34.21215],[-81.961997,34.212227],[-81.961851,34.212282],[-81.961613,34.212304],[-81.961361,34.212282],[-81.961004,34.212173],[-81.96066,34.212013],[-81.960342,34.211958],[-81.960276,34.211925],[-81.960197,34.211848],[-81.960144,34.211673],[-81.960091,34.211607],[-81.960025,34.211563],[-81.959733,34.211508],[-81.959588,34.211431],[-81.959508,34.211365],[-81.959469,34.211288],[-81.959442,34.21109],[-81.959601,34.210771],[-81.959601,34.210595],[-81.959204,34.210188],[-81.959058,34.20998],[-81.958985,34.209771],[-81.958959,34.209386],[-81.959078,34.208858],[-81.958972,34.208264],[-81.958985,34.208078],[-81.959051,34.207913],[-81.959196,34.20766],[-81.959368,34.207495],[-81.959567,34.207484],[-81.959752,34.207517],[-81.959924,34.207583],[-81.960454,34.207637],[-81.960758,34.207637],[-81.961023,34.20767],[-81.961446,34.207549],[-81.961883,34.207505],[-81.962108,34.207549],[-81.962399,34.20767],[-81.962584,34.207692],[-81.962862,34.207692],[-81.963338,34.207604],[-81.963524,34.207593],[-81.96363,34.20756],[-81.963762,34.207483],[-81.963921,34.207351],[-81.964013,34.207329],[-81.964291,34.207373],[-81.964397,34.207373],[-81.964622,34.207274],[-81.965164,34.207152],[-81.965284,34.207108],[-81.965376,34.207042],[-81.965403,34.206987],[-81.965389,34.20691],[-81.965257,34.206834],[-81.965045,34.206757],[-81.964066,34.206438],[-81.963735,34.206449],[-81.963497,34.206482],[-81.963245,34.206471],[-81.962147,34.206263],[-81.961909,34.206164],[-81.961723,34.206021],[-81.961684,34.205966],[-81.961551,34.205653],[-81.961525,34.205493],[-81.961591,34.205246],[-81.961564,34.204839],[-81.961458,34.204696],[-81.961326,34.204597],[-81.961114,34.204487],[-81.960969,34.204344],[-81.960942,34.204245],[-81.960942,34.204124],[-81.961008,34.204003],[-81.96118,34.203839],[-81.961352,34.203729],[-81.961577,34.20363],[-81.961683,34.203608],[-81.961868,34.203509],[-81.961974,34.20341],[-81.962278,34.203245],[-81.96255,34.203223],[-81.962695,34.203244],[-81.962775,34.203288],[-81.96288,34.20331],[-81.963033,34.203409],[-81.963721,34.20397],[-81.96384,34.204047],[-81.963959,34.204091],[-81.964019,34.204052],[-81.963986,34.203783],[-81.963899,34.203486],[-81.963688,34.203046],[-81.963674,34.20287],[-81.96374,34.202694],[-81.963846,34.202606],[-81.963939,34.202562],[-81.964111,34.202529],[-81.964336,34.202518],[-81.964693,34.20254],[-81.965117,34.202496],[-81.965275,34.202529],[-81.965461,34.202595],[-81.965633,34.202606],[-81.965765,34.202584],[-81.966003,34.202496],[-81.966202,34.202474],[-81.966374,34.202496],[-81.966546,34.202573],[-81.966744,34.202738],[-81.966956,34.203007],[-81.966983,34.203084],[-81.967102,34.203194],[-81.967115,34.203249],[-81.967194,34.203315],[-81.967287,34.203326],[-81.967419,34.203205],[-81.967446,34.203128],[-81.967803,34.202622],[-81.967961,34.202336],[-81.9682,34.202171],[-81.968358,34.202149],[-81.968874,34.202204],[-81.969166,34.202259],[-81.969311,34.202314],[-81.969523,34.202434],[-81.970013,34.202797],[-81.970198,34.202918],[-81.970317,34.202973],[-81.970542,34.203017],[-81.970635,34.203017],[-81.97082,34.202973],[-81.971058,34.202951],[-81.971257,34.202973],[-81.971389,34.203017],[-81.971521,34.203093],[-81.971852,34.203357],[-81.971879,34.203445],[-81.971985,34.203599],[-81.971985,34.203698],[-81.97217,34.20383],[-81.972197,34.204061],[-81.972355,34.204171],[-81.972779,34.204357],[-81.97315,34.204566],[-81.973414,34.204632],[-81.973877,34.204654],[-81.974275,34.204736],[-81.975188,34.205033],[-81.975611,34.205011],[-81.97577,34.205055],[-81.975902,34.205131],[-81.976021,34.205263],[-81.976074,34.205395],[-81.976167,34.205461],[-81.976286,34.20545],[-81.976392,34.205362],[-81.976643,34.205307],[-81.976802,34.205318],[-81.977385,34.20545],[-81.977557,34.205472],[-81.978139,34.205636],[-81.978245,34.205614],[-81.978284,34.20557],[-81.978258,34.205482],[-81.978112,34.205318],[-81.977821,34.205098],[-81.977742,34.205076],[-81.977358,34.205054],[-81.977159,34.204999],[-81.976352,34.20467],[-81.976233,34.204582],[-81.976193,34.204527],[-81.976167,34.204395],[-81.976193,34.204175],[-81.97614,34.204054],[-81.9761,34.204021],[-81.976021,34.20401],[-81.975783,34.20412],[-81.975558,34.204153],[-81.975386,34.20412],[-81.97528,34.204065],[-81.974896,34.203697],[-81.974777,34.203631],[-81.974512,34.203565],[-81.973731,34.203577],[-81.973533,34.203522],[-81.973361,34.203401],[-81.973281,34.203313],[-81.973189,34.203148],[-81.97307,34.203016],[-81.972805,34.202851],[-81.972487,34.202609],[-81.972011,34.202115],[-81.971653,34.201664],[-81.97156,34.201499],[-81.971547,34.201378],[-81.971626,34.201279],[-81.971719,34.201213],[-81.971997,34.201059],[-81.972036,34.200982],[-81.972063,34.200531],[-81.972248,34.200136],[-81.972301,34.199916],[-81.972261,34.199635],[-81.972168,34.199536],[-81.972102,34.199641],[-81.972049,34.200048],[-81.971957,34.200246],[-81.971732,34.200598],[-81.971388,34.200872],[-81.971163,34.200994],[-81.971004,34.201038],[-81.970819,34.20106],[-81.970727,34.200983],[-81.97074,34.200581],[-81.970687,34.200306],[-81.970686,34.200076],[-81.970633,34.200021],[-81.970554,34.200032],[-81.970501,34.200087],[-81.970448,34.20045],[-81.970329,34.200636],[-81.970157,34.200802],[-81.970012,34.200912],[-81.969906,34.200966],[-81.969694,34.200989],[-81.969377,34.200967],[-81.968781,34.200813],[-81.968609,34.200747],[-81.968464,34.200648],[-81.968397,34.200461],[-81.968344,34.200384],[-81.968292,34.20034],[-81.968225,34.200329],[-81.968014,34.200406],[-81.967736,34.200637],[-81.967551,34.200736],[-81.967193,34.200846],[-81.966863,34.200868],[-81.966611,34.200858],[-81.966254,34.200803],[-81.966029,34.200759],[-81.965553,34.200616],[-81.965222,34.200484],[-81.965036,34.200385],[-81.964811,34.20022],[-81.964719,34.200088],[-81.964666,34.199945],[-81.964639,34.199649],[-81.964679,34.199484],[-81.964838,34.19933],[-81.965023,34.199214],[-81.965181,34.198648],[-81.965433,34.198164],[-81.965578,34.197955],[-81.965776,34.197757],[-81.965962,34.197636],[-81.966081,34.197526],[-81.966385,34.197361],[-81.966769,34.197207],[-81.966874,34.197152],[-81.966954,34.197086],[-81.967073,34.196877],[-81.967119,34.196685],[-81.967304,34.19619],[-81.967463,34.196047],[-81.967595,34.19597],[-81.967608,34.195926],[-81.967555,34.195794],[-81.967304,34.19553],[-81.967145,34.195222],[-81.967039,34.195255],[-81.966973,34.195355],[-81.966748,34.196179],[-81.966537,34.196531],[-81.966405,34.196663],[-81.966186,34.196806],[-81.965975,34.196916],[-81.965498,34.197092],[-81.965168,34.19718],[-81.964572,34.197224],[-81.964506,34.197246],[-81.964453,34.19729],[-81.964387,34.197367],[-81.964295,34.197818],[-81.964175,34.19806],[-81.964056,34.198181],[-81.963593,34.198511],[-81.963514,34.198775],[-81.963448,34.198918],[-81.963131,34.199352],[-81.962932,34.199539],[-81.962932,34.199737],[-81.962906,34.199836],[-81.962787,34.199913],[-81.962628,34.199946],[-81.962522,34.200056],[-81.962496,34.20054],[-81.96243,34.200661],[-81.96235,34.200738],[-81.962205,34.200826],[-81.9619,34.200925],[-81.96157,34.200947],[-81.961027,34.200859],[-81.960524,34.200705],[-81.960326,34.200689],[-81.960141,34.200733],[-81.95985,34.200997],[-81.959757,34.201046],[-81.959638,34.201019],[-81.959572,34.200975],[-81.959466,34.200953],[-81.959201,34.200986],[-81.958989,34.200975],[-81.958923,34.200997],[-81.958751,34.201162],[-81.958712,34.201228],[-81.958632,34.20147],[-81.958606,34.201624],[-81.958553,34.201734],[-81.9585,34.201794],[-81.958262,34.201926],[-81.958097,34.201937],[-81.957997,34.201866],[-81.957984,34.201789],[-81.95801,34.201712],[-81.958103,34.20158],[-81.958275,34.201415],[-81.958381,34.201283],[-81.95846,34.201096],[-81.958473,34.200975],[-81.95846,34.200634],[-81.9585,34.200425],[-81.958473,34.200293],[-81.958155,34.199788],[-81.958089,34.199645],[-81.958063,34.199469],[-81.958182,34.198831],[-81.958327,34.198523],[-81.958486,34.198281],[-81.95875,34.198006],[-81.958883,34.19783],[-81.959385,34.197368],[-81.959557,34.197281],[-81.959729,34.197159],[-81.959809,34.197126],[-81.959981,34.197115],[-81.960179,34.197148],[-81.960457,34.19728],[-81.960629,34.197335],[-81.960722,34.197335],[-81.960775,34.19728],[-81.960735,34.197115],[-81.960563,34.196873],[-81.960523,34.19672],[-81.960563,34.196467],[-81.960682,34.196159],[-81.960655,34.196082],[-81.960589,34.196027],[-81.960444,34.195972],[-81.960377,34.195928],[-81.960311,34.195851],[-81.960238,34.195477],[-81.960198,34.195004],[-81.960079,34.194526],[-81.959881,34.194053],[-81.959814,34.193965],[-81.959682,34.193878],[-81.95959,34.193933],[-81.959484,34.194153],[-81.959352,34.194669],[-81.959325,34.194867],[-81.959325,34.195098],[-81.959385,34.195532],[-81.959385,34.195796],[-81.959345,34.196038],[-81.9592,34.196258],[-81.959068,34.196346],[-81.958935,34.196379],[-81.958816,34.196368],[-81.958697,34.196247],[-81.958551,34.196258],[-81.95834,34.196478],[-81.958168,34.196577],[-81.957811,34.196698],[-81.957692,34.196698],[-81.957546,34.196533],[-81.95748,34.196533],[-81.957414,34.196599],[-81.957268,34.196951],[-81.957229,34.197215],[-81.957202,34.197259],[-81.956898,34.197556],[-81.956554,34.197941],[-81.956342,34.198326],[-81.956144,34.198777],[-81.956091,34.198854],[-81.955959,34.198942],[-81.955866,34.198942],[-81.955773,34.198898],[-81.955654,34.198755],[-81.955628,34.198392],[-81.955548,34.198205],[-81.955416,34.198018],[-81.955178,34.197798],[-81.955098,34.197694],[-81.955032,34.197507],[-81.954873,34.197265],[-81.954794,34.197188],[-81.954648,34.197122],[-81.95445,34.197067],[-81.954278,34.196946],[-81.954132,34.196935],[-81.954066,34.197001],[-81.954066,34.197067],[-81.954238,34.197496],[-81.954291,34.197771],[-81.954278,34.197914],[-81.954093,34.198332],[-81.953722,34.198986],[-81.953577,34.199299],[-81.953299,34.199657],[-81.95318,34.199767],[-81.952915,34.199943],[-81.952677,34.200075],[-81.952479,34.200119],[-81.95232,34.200097],[-81.952069,34.199932],[-81.95187,34.199629],[-81.951804,34.199476],[-81.951804,34.199234],[-81.95187,34.198772],[-81.95187,34.198629],[-81.951804,34.198354],[-81.951711,34.198288],[-81.951565,34.19831],[-81.951261,34.198563],[-81.951155,34.198585],[-81.950878,34.198574],[-81.950732,34.198618],[-81.950639,34.198706],[-81.9506,34.19886],[-81.9506,34.199124],[-81.95056,34.199355],[-81.950414,34.19952],[-81.950375,34.199608],[-81.950322,34.199861],[-81.950256,34.199938],[-81.950057,34.199982],[-81.949819,34.199993],[-81.949502,34.199927],[-81.949171,34.199883],[-81.949025,34.199828],[-81.94888,34.199729],[-81.94884,34.199674],[-81.948813,34.199531],[-81.948866,34.199355],[-81.949078,34.199036],[-81.949144,34.198849],[-81.949144,34.198794],[-81.949091,34.198651],[-81.948985,34.19853],[-81.948879,34.198453],[-81.948787,34.198432],[-81.948654,34.198453],[-81.94835,34.19875],[-81.947874,34.199014],[-81.947437,34.19908],[-81.947358,34.19908],[-81.947146,34.199036],[-81.946921,34.198872],[-81.946855,34.198784],[-81.946842,34.198729],[-81.946842,34.198575],[-81.946881,34.198454],[-81.946987,34.198267],[-81.947027,34.198234],[-81.947199,34.197904],[-81.947252,34.197739],[-81.947239,34.197574],[-81.947133,34.197475],[-81.946987,34.197431],[-81.94663,34.197409],[-81.946299,34.197365],[-81.94614,34.197365],[-81.946074,34.197387],[-81.945929,34.197519],[-81.945876,34.197662],[-81.945796,34.197772],[-81.94569,34.197816],[-81.945598,34.197816],[-81.94536,34.197739],[-81.945241,34.197739],[-81.945095,34.197778],[-81.944989,34.197794],[-81.944923,34.197778],[-81.944791,34.197646],[-81.944751,34.197228],[-81.944566,34.197052],[-81.944433,34.196997],[-81.94438,34.196953],[-81.944407,34.196766],[-81.944499,34.196634],[-81.944579,34.196579],[-81.94487,34.196535],[-81.944976,34.196502],[-81.945187,34.196359],[-81.94528,34.196327],[-81.945478,34.196205],[-81.945598,34.196162],[-81.945796,34.196128],[-81.946114,34.19615],[-81.946616,34.196128],[-81.946722,34.196183],[-81.946802,34.196315],[-81.946901,34.196387],[-81.947318,34.196337],[-81.947503,34.196354],[-81.947708,34.196403],[-81.947807,34.196321],[-81.947887,34.196288],[-81.947913,34.196244],[-81.9479,34.1962],[-81.947662,34.195996],[-81.947318,34.195919],[-81.947159,34.19582],[-81.947106,34.195776],[-81.946947,34.195535],[-81.946907,34.195348],[-81.946947,34.195128],[-81.947146,34.19482],[-81.947304,34.194655],[-81.947318,34.1946],[-81.947291,34.194545],[-81.946973,34.194292],[-81.946828,34.194281],[-81.946656,34.194347],[-81.946444,34.19438],[-81.946325,34.19438],[-81.94606,34.194292],[-81.945862,34.194292],[-81.94573,34.194402],[-81.94565,34.194589],[-81.945492,34.194743],[-81.945359,34.194798],[-81.94487,34.194853],[-81.944698,34.19482],[-81.944605,34.194743],[-81.944579,34.194655],[-81.944579,34.194435],[-81.944618,34.194149],[-81.944579,34.194073],[-81.944473,34.193985],[-81.944367,34.193952],[-81.94401,34.19393],[-81.943904,34.193952],[-81.943785,34.194018],[-81.943679,34.194117],[-81.943613,34.194238],[-81.943586,34.194358],[-81.943335,34.194974],[-81.943176,34.19515],[-81.942938,34.195271],[-81.942568,34.195315],[-81.942448,34.195304],[-81.942329,34.195249],[-81.941972,34.194941],[-81.9418,34.194842],[-81.941628,34.194777],[-81.94131,34.194732],[-81.941191,34.194733],[-81.941072,34.194744],[-81.940834,34.194809],[-81.940755,34.194798],[-81.940675,34.194744],[-81.940689,34.194645],[-81.940755,34.194568],[-81.940821,34.194524],[-81.941337,34.19437],[-81.941575,34.194271],[-81.941932,34.194051],[-81.942091,34.193902],[-81.942276,34.193666],[-81.94229,34.193611],[-81.942342,34.193567],[-81.942409,34.193446],[-81.942567,34.193298],[-81.942832,34.193232],[-81.942938,34.193259],[-81.943077,34.193248],[-81.943163,34.193149],[-81.943202,34.19299],[-81.943255,34.192935],[-81.943308,34.192891],[-81.943454,34.192841],[-81.943699,34.19255],[-81.94391,34.192396],[-81.944135,34.19233],[-81.944453,34.192335],[-81.944757,34.192379],[-81.944995,34.192335],[-81.945088,34.192291],[-81.945551,34.191972],[-81.945736,34.191906],[-81.945882,34.191884],[-81.945974,34.191818],[-81.946001,34.191774],[-81.946146,34.191675],[-81.946464,34.191598],[-81.946728,34.19162],[-81.946834,34.191598],[-81.946927,34.191554],[-81.947165,34.191356],[-81.947469,34.191269],[-81.947681,34.191158],[-81.947773,34.191158],[-81.94784,34.191181],[-81.947959,34.191158],[-81.948104,34.191093],[-81.948303,34.191071],[-81.948554,34.191125],[-81.948766,34.191235],[-81.949004,34.191455],[-81.949282,34.191675],[-81.949427,34.191862],[-81.949553,34.191939],[-81.949666,34.191873],[-81.949692,34.191796],[-81.949692,34.191532],[-81.949811,34.191411],[-81.94993,34.191367],[-81.950089,34.191345],[-81.950301,34.191367],[-81.950526,34.191345],[-81.950578,34.19129],[-81.950526,34.191235],[-81.950459,34.191213],[-81.950168,34.191191],[-81.949758,34.191191],[-81.949599,34.191169],[-81.949507,34.191114],[-81.949414,34.190949],[-81.949282,34.190565],[-81.949335,34.190279],[-81.949414,34.190092],[-81.949493,34.190026],[-81.949639,34.189971],[-81.949705,34.189927],[-81.949784,34.189729],[-81.950036,34.1893],[-81.950115,34.189102],[-81.950366,34.188745],[-81.950485,34.188525],[-81.950525,34.188371],[-81.950591,34.188272],[-81.950816,34.188085],[-81.950829,34.18803],[-81.950763,34.187986],[-81.950274,34.187964],[-81.950207,34.188025],[-81.950115,34.188294],[-81.94993,34.188624],[-81.949348,34.189372],[-81.949149,34.189663],[-81.948792,34.190081],[-81.948673,34.19018],[-81.948435,34.19029],[-81.948131,34.190312],[-81.947945,34.190175],[-81.947853,34.189966],[-81.9478,34.189922],[-81.94772,34.189922],[-81.947641,34.189977],[-81.947548,34.190098],[-81.947509,34.190185],[-81.947343,34.190372],[-81.947079,34.190367],[-81.947006,34.190427],[-81.94694,34.190565],[-81.946907,34.190587],[-81.946741,34.190581],[-81.946622,34.190504],[-81.946583,34.190438],[-81.946464,34.190395],[-81.946397,34.19034],[-81.946298,34.190323],[-81.946239,34.190504],[-81.946159,34.19057],[-81.945987,34.190571],[-81.945776,34.190505],[-81.94567,34.190516],[-81.945504,34.190571],[-81.945432,34.190527],[-81.945418,34.190461],[-81.945524,34.190285],[-81.945537,34.190186],[-81.945498,34.190109],[-81.945484,34.190021],[-81.945524,34.189966],[-81.945551,34.189834],[-81.945498,34.18957],[-81.945498,34.18946],[-81.945617,34.189339],[-81.945762,34.189273],[-81.945842,34.189174],[-81.945842,34.188954],[-81.945868,34.188866],[-81.945802,34.1888],[-81.945736,34.1888],[-81.945564,34.188943],[-81.945312,34.188976],[-81.945207,34.188833],[-81.945127,34.188822],[-81.944995,34.18891],[-81.944942,34.189009],[-81.94477,34.189537],[-81.944638,34.189845],[-81.944585,34.189922],[-81.944532,34.189977],[-81.944426,34.190032],[-81.944122,34.190021],[-81.944082,34.190065],[-81.944056,34.19023],[-81.944122,34.190494],[-81.944122,34.190593],[-81.944016,34.190846],[-81.943923,34.190945],[-81.943817,34.191],[-81.943659,34.191044],[-81.943315,34.191011],[-81.943129,34.191011],[-81.942719,34.191132],[-81.942494,34.19111],[-81.942124,34.190989],[-81.941952,34.190967],[-81.941859,34.190978],[-81.94174,34.191055],[-81.94174,34.191154],[-81.941859,34.191275],[-81.941912,34.191418],[-81.941859,34.191538],[-81.941502,34.191912],[-81.941343,34.192033],[-81.94098,34.192385],[-81.940847,34.192484],[-81.940755,34.192506],[-81.940675,34.192451],[-81.940536,34.192088],[-81.94047,34.192022],[-81.940364,34.191967],[-81.940206,34.191967],[-81.940113,34.192011],[-81.939842,34.192264],[-81.939749,34.192264],[-81.93967,34.192198],[-81.939656,34.192121],[-81.939663,34.192022],[-81.939729,34.191836],[-81.939848,34.191704],[-81.940325,34.191319],[-81.940364,34.191275],[-81.940377,34.19122],[-81.940364,34.191154],[-81.940179,34.191077],[-81.940007,34.190956],[-81.939967,34.190846],[-81.939967,34.190747],[-81.94006,34.190516],[-81.940258,34.19023],[-81.940404,34.190076],[-81.94051,34.189922],[-81.940668,34.189812],[-81.94096,34.189768],[-81.941171,34.189768],[-81.941237,34.189735],[-81.941264,34.18968],[-81.94129,34.189373],[-81.941396,34.189142],[-81.941634,34.188878],[-81.942097,34.188471],[-81.942349,34.188196],[-81.942388,34.188108],[-81.942375,34.188053],[-81.942282,34.187916],[-81.94223,34.187762],[-81.942441,34.187476],[-81.942454,34.187421],[-81.942395,34.18736],[-81.942216,34.187399],[-81.941938,34.18763],[-81.941687,34.187883],[-81.941502,34.188026],[-81.941264,34.188191],[-81.941079,34.188279],[-81.940827,34.188466],[-81.940708,34.18852],[-81.940311,34.188564],[-81.940166,34.188543],[-81.940007,34.188433],[-81.939861,34.188213],[-81.939769,34.188158],[-81.939676,34.188191],[-81.939623,34.188235],[-81.939557,34.188334],[-81.939504,34.188532],[-81.939517,34.188872],[-81.939491,34.189037],[-81.939279,34.189213],[-81.938816,34.189367],[-81.938724,34.189433],[-81.938697,34.189488],[-81.938697,34.189609],[-81.93871,34.189708],[-81.93879,34.189955],[-81.938697,34.19012],[-81.938393,34.190461],[-81.938366,34.190516],[-81.938234,34.190593],[-81.938141,34.190593],[-81.937903,34.190549],[-81.937705,34.190582],[-81.937586,34.190659],[-81.937506,34.190736],[-81.93744,34.190857],[-81.937414,34.190978],[-81.937308,34.191099],[-81.936964,34.191286],[-81.93658,34.191451],[-81.936236,34.191627],[-81.935965,34.191715],[-81.935647,34.191748],[-81.935303,34.191748],[-81.935118,34.191709],[-81.934906,34.191621],[-81.934682,34.191456],[-81.934596,34.191324],[-81.934503,34.191061],[-81.93445,34.190984],[-81.934371,34.190918],[-81.934119,34.190918],[-81.934066,34.19094],[-81.933894,34.190962],[-81.933603,34.190951],[-81.933074,34.190797],[-81.93271,34.190621],[-81.932413,34.190522],[-81.93228,34.190434],[-81.932227,34.190379],[-81.932095,34.189906],[-81.931963,34.189609],[-81.931936,34.189389],[-81.932042,34.189071],[-81.932188,34.188807],[-81.932307,34.188664],[-81.932571,34.188499],[-81.933167,34.188444],[-81.933392,34.188378],[-81.933524,34.188323],[-81.933762,34.188158],[-81.933894,34.188026],[-81.934146,34.187872],[-81.934741,34.187707],[-81.935006,34.187674],[-81.935442,34.187586],[-81.935628,34.187498],[-81.935839,34.187344],[-81.936051,34.187234],[-81.936223,34.187212],[-81.93654,34.1873],[-81.936699,34.187289],[-81.936752,34.187234],[-81.936792,34.187113],[-81.936792,34.187014],[-81.936686,34.186761],[-81.936567,34.186608],[-81.93654,34.186432],[-81.93658,34.186333],[-81.936779,34.18608],[-81.936858,34.186003],[-81.937043,34.185882],[-81.937255,34.185805],[-81.937586,34.18575],[-81.937652,34.185717],[-81.937678,34.185662],[-81.937705,34.185354],[-81.937639,34.185299],[-81.937268,34.18542],[-81.937109,34.185431],[-81.936964,34.18542],[-81.936779,34.185365],[-81.936699,34.185321],[-81.936593,34.18531],[-81.936527,34.185332],[-81.936342,34.185453],[-81.936011,34.185783],[-81.935839,34.185915],[-81.935217,34.186201],[-81.935085,34.186311],[-81.934847,34.186454],[-81.934702,34.186509],[-81.934503,34.186542],[-81.934265,34.18652],[-81.934,34.186514],[-81.933947,34.18647],[-81.933947,34.186415],[-81.934053,34.186228],[-81.933947,34.186107],[-81.933841,34.186096],[-81.93363,34.186129],[-81.933564,34.186118],[-81.933511,34.186074],[-81.933458,34.185635],[-81.933458,34.185239],[-81.933511,34.184909],[-81.933551,34.184854],[-81.933564,34.184788],[-81.933683,34.184656],[-81.933815,34.184458],[-81.933868,34.184194],[-81.934086,34.183755],[-81.934483,34.18326],[-81.934682,34.183062],[-81.934999,34.182798],[-81.935052,34.182721],[-81.935065,34.182655],[-81.934973,34.182567],[-81.934536,34.182688],[-81.934166,34.182743],[-81.933954,34.18271],[-81.933795,34.182622],[-81.933478,34.183018],[-81.933412,34.183051],[-81.933041,34.183018],[-81.932975,34.183073],[-81.932935,34.18315],[-81.932896,34.18337],[-81.932975,34.183601],[-81.932968,34.183705],[-81.932829,34.18381],[-81.932856,34.183952],[-81.932843,34.184051],[-81.932691,34.184139],[-81.932598,34.184161],[-81.93236,34.184117],[-81.932208,34.184123],[-81.932108,34.184194],[-81.931976,34.184447],[-81.931923,34.184656],[-81.931791,34.185613],[-81.931698,34.1858],[-81.931526,34.185942],[-81.931381,34.186107],[-81.931315,34.186503],[-81.931222,34.186668],[-81.931116,34.186789],[-81.930971,34.186855],[-81.930878,34.186877],[-81.930719,34.186833],[-81.930613,34.186767],[-81.930494,34.186745],[-81.930402,34.186833],[-81.930388,34.186965],[-81.930309,34.187185],[-81.930058,34.187537],[-81.929925,34.18768],[-81.92974,34.187801],[-81.929674,34.187823],[-81.929515,34.187823],[-81.929422,34.187768],[-81.929211,34.187449],[-81.929079,34.187152],[-81.928867,34.186514],[-81.928788,34.186338],[-81.928668,34.186184],[-81.928536,34.185799],[-81.928523,34.185558],[-81.92855,34.185415],[-81.928629,34.185294],[-81.928669,34.18525],[-81.928827,34.185162],[-81.929145,34.185096],[-81.929277,34.184986],[-81.929317,34.184931],[-81.929357,34.18481],[-81.929343,34.184667],[-81.929251,34.184447],[-81.929185,34.184337],[-81.928986,34.184106],[-81.928947,34.183996],[-81.929013,34.183809],[-81.929284,34.183513],[-81.929363,34.18332],[-81.929337,34.183144],[-81.929191,34.182781],[-81.929112,34.182716],[-81.928914,34.182715],[-81.928715,34.182792],[-81.928583,34.182891],[-81.92849,34.18299],[-81.928358,34.183232],[-81.928219,34.183419],[-81.928192,34.183507],[-81.9281,34.183617],[-81.927968,34.183705],[-81.927822,34.183771],[-81.927729,34.183793],[-81.927637,34.183804],[-81.927253,34.183782],[-81.926869,34.183881],[-81.926486,34.184101],[-81.926248,34.1842],[-81.926049,34.1842],[-81.925943,34.184112],[-81.925864,34.183859],[-81.925586,34.183452],[-81.925547,34.183265],[-81.9256,34.183089],[-81.925672,34.18299],[-81.925778,34.182902],[-81.925897,34.182836],[-81.926347,34.182726],[-81.926433,34.182677],[-81.92644,34.182638],[-81.926374,34.182561],[-81.926122,34.182496],[-81.925977,34.182397],[-81.925924,34.182287],[-81.92599,34.182155],[-81.926083,34.182078],[-81.926281,34.182067],[-81.926466,34.182144],[-81.926678,34.182199],[-81.926797,34.182199],[-81.92689,34.182166],[-81.926942,34.182111],[-81.927101,34.181781],[-81.9273,34.181473],[-81.927379,34.181264],[-81.927353,34.181099],[-81.927313,34.181028],[-81.927128,34.18078],[-81.926969,34.180626],[-81.926837,34.180637],[-81.926757,34.180725],[-81.926731,34.180791],[-81.926612,34.180912],[-81.926479,34.180978],[-81.9264,34.180989],[-81.926228,34.180956],[-81.926122,34.180901],[-81.926017,34.180813],[-81.925937,34.180604],[-81.92595,34.180428],[-81.926162,34.179989],[-81.926242,34.179692],[-81.926361,34.179505],[-81.926546,34.179406],[-81.926824,34.179384],[-81.926956,34.179296],[-81.927022,34.179219],[-81.927102,34.178999],[-81.927194,34.1789],[-81.927313,34.178845],[-81.927578,34.178823],[-81.927803,34.178768],[-81.927988,34.178669],[-81.928133,34.178647],[-81.928213,34.178669],[-81.928358,34.178801],[-81.928424,34.178812],[-81.928491,34.178801],[-81.928543,34.178746],[-81.92857,34.178658],[-81.928663,34.178548],[-81.928782,34.178515],[-81.929007,34.178515],[-81.9298,34.178735],[-81.929906,34.178746],[-81.929959,34.178713],[-81.929602,34.178417],[-81.929562,34.17834],[-81.929536,34.178197],[-81.929456,34.17812],[-81.929112,34.17801],[-81.928689,34.177641],[-81.928438,34.177597],[-81.928292,34.177498],[-81.928279,34.17741],[-81.928517,34.177191],[-81.92857,34.17707],[-81.928517,34.177004],[-81.928358,34.177004],[-81.928186,34.17707],[-81.927962,34.177103],[-81.927684,34.177081],[-81.927538,34.177048],[-81.927208,34.17685],[-81.927009,34.176795],[-81.92652,34.17685],[-81.926334,34.176828],[-81.926136,34.17674],[-81.925991,34.176707],[-81.925805,34.176718],[-81.925739,34.176751],[-81.925633,34.176839],[-81.925554,34.176971],[-81.925488,34.177003],[-81.925316,34.177004],[-81.925184,34.176905],[-81.925131,34.176773],[-81.925091,34.176542],[-81.925118,34.176333],[-81.925144,34.176234],[-81.925223,34.176113],[-81.925415,34.17597],[-81.925468,34.175904],[-81.925521,34.175783],[-81.925508,34.175673],[-81.925389,34.175354],[-81.92527,34.175167],[-81.925243,34.17509],[-81.925098,34.174947],[-81.924939,34.174881],[-81.924754,34.174837],[-81.924529,34.174717],[-81.924331,34.174634],[-81.924198,34.174656],[-81.924119,34.174722],[-81.924066,34.174799],[-81.924013,34.175002],[-81.923947,34.175123],[-81.923894,34.175178],[-81.923801,34.175211],[-81.923682,34.175211],[-81.923577,34.175189],[-81.923497,34.175145],[-81.92318,34.174854],[-81.922981,34.174832],[-81.92269,34.175019],[-81.922161,34.175019],[-81.921804,34.175239],[-81.921698,34.175239],[-81.921606,34.175173],[-81.921606,34.175063],[-81.921645,34.174953],[-81.921685,34.174898],[-81.921804,34.17481],[-81.92191,34.174678],[-81.92191,34.174557],[-81.921844,34.17437],[-81.921725,34.17426],[-81.921196,34.174084],[-81.920878,34.173842],[-81.920825,34.17382],[-81.920508,34.173809],[-81.92027,34.173754],[-81.920177,34.173754],[-81.920084,34.17382],[-81.920058,34.173897],[-81.920058,34.174216],[-81.919979,34.174293],[-81.919833,34.174304],[-81.919701,34.174205],[-81.919542,34.174029],[-81.919238,34.173919],[-81.919132,34.173864],[-81.918894,34.173611],[-81.918682,34.173248],[-81.918444,34.172995],[-81.918299,34.172885],[-81.91814,34.172874],[-81.917981,34.172962],[-81.917915,34.173028],[-81.917889,34.173105],[-81.917889,34.173193],[-81.918087,34.173644],[-81.918166,34.174172],[-81.918166,34.174513],[-81.918299,34.174633],[-81.918523,34.174689],[-81.918603,34.174732],[-81.918623,34.174826],[-81.918484,34.174952],[-81.918457,34.175051],[-81.91849,34.17526],[-81.918477,34.175337],[-81.918424,34.175436],[-81.918093,34.175821],[-81.918067,34.176156],[-81.917961,34.176228],[-81.917868,34.17625],[-81.917723,34.176228],[-81.917643,34.176173],[-81.91759,34.176041],[-81.917511,34.175601],[-81.917392,34.175436],[-81.91722,34.175414],[-81.916691,34.17559],[-81.91636,34.175612],[-81.916149,34.175656],[-81.916056,34.175711],[-81.915924,34.175832],[-81.915831,34.176074],[-81.915752,34.176161],[-81.915619,34.176238],[-81.915487,34.176271],[-81.915328,34.176249],[-81.915183,34.176139],[-81.91513,34.175964],[-81.91513,34.175865],[-81.915249,34.175524],[-81.915223,34.175414],[-81.915223,34.175084],[-81.915276,34.174985],[-81.915454,34.174809],[-81.915521,34.174633],[-81.915666,34.174413],[-81.915666,34.174347],[-81.915626,34.174215],[-81.915455,34.174017],[-81.915322,34.173803],[-81.915217,34.173715],[-81.915137,34.173704],[-81.915031,34.173737],[-81.914661,34.174001],[-81.914224,34.17421],[-81.913669,34.174287],[-81.912994,34.174275],[-81.912809,34.174319],[-81.912677,34.174429],[-81.912591,34.17444],[-81.912478,34.174341],[-81.912346,34.173935],[-81.912095,34.173704],[-81.911949,34.173649],[-81.911777,34.173627],[-81.911156,34.173637],[-81.910997,34.173594],[-81.910666,34.17333],[-81.910494,34.173132],[-81.910018,34.172703],[-81.909727,34.172494],[-81.909595,34.172417],[-81.909489,34.172384],[-81.909436,34.172373],[-81.909158,34.172406],[-81.908934,34.172384],[-81.908775,34.172395],[-81.90814,34.172636],[-81.907558,34.172812],[-81.907015,34.172917],[-81.906592,34.17296],[-81.905825,34.172905],[-81.90515,34.172751],[-81.905031,34.172696],[-81.904872,34.172674],[-81.904767,34.172619],[-81.904317,34.172542],[-81.903861,34.172443],[-81.903616,34.17241],[-81.90355,34.172421],[-81.903484,34.172498],[-81.903497,34.172674],[-81.903457,34.172762],[-81.903391,34.172839],[-81.903311,34.172905],[-81.903073,34.17296],[-81.902637,34.172904],[-81.902346,34.172806],[-81.902161,34.172707],[-81.901989,34.172586],[-81.901777,34.172399],[-81.901632,34.172223],[-81.9015,34.171992],[-81.901473,34.17186],[-81.901434,34.171783],[-81.901407,34.171508],[-81.901407,34.171189],[-81.901434,34.170969],[-81.901527,34.170755],[-81.901692,34.170568],[-81.902016,34.170321],[-81.902122,34.170255],[-81.902492,34.170101],[-81.902625,34.170018],[-81.90249,34.169651],[-81.902393,34.169386],[-81.902506,34.169359],[-81.902486,34.169298],[-81.90236,34.169337],[-81.902175,34.169271],[-81.902043,34.169249],[-81.901831,34.169249],[-81.901739,34.169227],[-81.90162,34.16916],[-81.901514,34.169128],[-81.901408,34.169128],[-81.901144,34.169193],[-81.901051,34.169193],[-81.900892,34.169149],[-81.900535,34.168995],[-81.900376,34.168962],[-81.900178,34.168995],[-81.89998,34.169072],[-81.89994,34.169105],[-81.899821,34.169116],[-81.899702,34.169072],[-81.899411,34.168808],[-81.899279,34.168731],[-81.899213,34.16872],[-81.898961,34.168753],[-81.898855,34.168786],[-81.898816,34.168819],[-81.898564,34.168929],[-81.898458,34.169017],[-81.898445,34.169072],[-81.898498,34.169116],[-81.899014,34.169259],[-81.899397,34.169567],[-81.899675,34.169743],[-81.899847,34.169831],[-81.900323,34.169974],[-81.900482,34.170117],[-81.900416,34.170337],[-81.900376,34.170381],[-81.900349,34.17048],[-81.900111,34.170974],[-81.900045,34.171343],[-81.900071,34.171585],[-81.900124,34.171738],[-81.900362,34.172178],[-81.900375,34.172376],[-81.900348,34.172552],[-81.900282,34.172761],[-81.900282,34.172871],[-81.900328,34.172992],[-81.900421,34.173135],[-81.900447,34.173212],[-81.900619,34.173421],[-81.90099,34.173663],[-81.901307,34.173905],[-81.901505,34.173971],[-81.90169,34.174092],[-81.901915,34.174345],[-81.902166,34.174796],[-81.902285,34.175081],[-81.902563,34.175268],[-81.902761,34.175461],[-81.90292,34.175813],[-81.902946,34.176022],[-81.903026,34.17622],[-81.903079,34.176297],[-81.903436,34.176648],[-81.903502,34.176857],[-81.903528,34.177055],[-81.903621,34.177231],[-81.903793,34.17744],[-81.903912,34.177638],[-81.903951,34.17777],[-81.903951,34.177869],[-81.903911,34.177946],[-81.903832,34.178001],[-81.903766,34.178012],[-81.90362,34.17799],[-81.903515,34.177924],[-81.903316,34.177737],[-81.903118,34.177484],[-81.902787,34.177143],[-81.902523,34.176978],[-81.902377,34.176857],[-81.902205,34.176582],[-81.901835,34.17623],[-81.901716,34.176076],[-81.901452,34.17584],[-81.901267,34.17573],[-81.901068,34.175675],[-81.900645,34.175686],[-81.900314,34.175653],[-81.90001,34.175543],[-81.899864,34.175466],[-81.899679,34.175444],[-81.899454,34.175389],[-81.899216,34.175389],[-81.899097,34.175411],[-81.898912,34.175487],[-81.898806,34.175553],[-81.898608,34.175586],[-81.898317,34.175575],[-81.897642,34.175454],[-81.897417,34.175443],[-81.89706,34.175465],[-81.896544,34.175564],[-81.896187,34.175674],[-81.896107,34.17575],[-81.896134,34.17586],[-81.896292,34.176036],[-81.896332,34.176113],[-81.896358,34.176465],[-81.896411,34.176509],[-81.89651,34.176498],[-81.896676,34.176322],[-81.896808,34.1763],[-81.89698,34.176334],[-81.897258,34.176454],[-81.897417,34.176608],[-81.897443,34.176674],[-81.897456,34.176817],[-81.89743,34.176971],[-81.897297,34.177246],[-81.897218,34.177345],[-81.897125,34.177378],[-81.896927,34.177367],[-81.896689,34.177312],[-81.89649,34.177301],[-81.896384,34.177367],[-81.896371,34.177466],[-81.896398,34.177543],[-81.896569,34.177664],[-81.896768,34.177851],[-81.896834,34.178016],[-81.896794,34.178093],[-81.896688,34.178159],[-81.896543,34.178169],[-81.896225,34.178081],[-81.896146,34.178081],[-81.89608,34.178103],[-81.896014,34.178169],[-81.89604,34.178279],[-81.896278,34.178499],[-81.896331,34.178598],[-81.896079,34.178873],[-81.89602,34.179126],[-81.895861,34.179307],[-81.895861,34.179362],[-81.895993,34.179439],[-81.896059,34.17945],[-81.896178,34.179571],[-81.896258,34.179725],[-81.896575,34.180561],[-81.896627,34.181199],[-81.89676,34.181518],[-81.896786,34.181671],[-81.896878,34.181759],[-81.896945,34.18177],[-81.897011,34.181738],[-81.897064,34.181683],[-81.89713,34.181496],[-81.89717,34.181254],[-81.89721,34.180418],[-81.89721,34.179824],[-81.897184,34.179605],[-81.89727,34.17933],[-81.897442,34.179088],[-81.89764,34.178923],[-81.897707,34.178846],[-81.897773,34.178725],[-81.897799,34.178571],[-81.897932,34.178395],[-81.898488,34.177978],[-81.898726,34.177824],[-81.898845,34.177758],[-81.899083,34.17767],[-81.899334,34.177692],[-81.89952,34.177769],[-81.89989,34.178033],[-81.900419,34.178308],[-81.900525,34.178396],[-81.900577,34.178473],[-81.900591,34.17855],[-81.900524,34.178715],[-81.900485,34.178759],[-81.900471,34.178913],[-81.900538,34.178968],[-81.90063,34.178968],[-81.900895,34.17877],[-81.900948,34.178748],[-81.901146,34.178748],[-81.901212,34.178792],[-81.901265,34.178869],[-81.901305,34.1791],[-81.901384,34.179364],[-81.901609,34.179617],[-81.901635,34.179727],[-81.901635,34.179782],[-81.901483,34.179881],[-81.901483,34.180023],[-81.901615,34.180122],[-81.901906,34.1802],[-81.901999,34.18031],[-81.901972,34.180529],[-81.901866,34.180771],[-81.9018,34.180859],[-81.901549,34.181101],[-81.901416,34.181321],[-81.90139,34.181453],[-81.901337,34.181563],[-81.901165,34.181761],[-81.901099,34.18187],[-81.901085,34.18198],[-81.901112,34.182035],[-81.901218,34.182107],[-81.901323,34.182118],[-81.901575,34.18203],[-81.901945,34.18181],[-81.902528,34.181393],[-81.902713,34.181283],[-81.902885,34.181112],[-81.903083,34.18087],[-81.903322,34.180651],[-81.903719,34.180365],[-81.90395,34.180057],[-81.904056,34.179991],[-81.904149,34.179606],[-81.904268,34.179485],[-81.904321,34.179463],[-81.904519,34.179485],[-81.904771,34.17954],[-81.90489,34.179518],[-81.905022,34.17942],[-81.905102,34.179332],[-81.905353,34.17898],[-81.905485,34.178892],[-81.905578,34.178859],[-81.905816,34.178859],[-81.905988,34.178881],[-81.906345,34.178991],[-81.906491,34.179129],[-81.90653,34.179293],[-81.906543,34.179568],[-81.90657,34.179623],[-81.906649,34.179689],[-81.906887,34.179711],[-81.906967,34.179766],[-81.907019,34.179854],[-81.906953,34.180173],[-81.906993,34.180448],[-81.906973,34.180525],[-81.90692,34.180591],[-81.906722,34.180657],[-81.90651,34.180679],[-81.906272,34.180767],[-81.90602,34.180954],[-81.905914,34.181064],[-81.90569,34.181184],[-81.905438,34.181195],[-81.905174,34.181162],[-81.904697,34.180887],[-81.904367,34.180799],[-81.904142,34.180799],[-81.903943,34.180854],[-81.903798,34.180931],[-81.903613,34.181063],[-81.903202,34.18147],[-81.90311,34.181613],[-81.903083,34.181734],[-81.903109,34.182019],[-81.903149,34.182129],[-81.903149,34.182217],[-81.903123,34.182294],[-81.903096,34.182349],[-81.90299,34.182459],[-81.902884,34.182547],[-81.902739,34.182624],[-81.902673,34.182679],[-81.902659,34.182756],[-81.902739,34.182822],[-81.903056,34.182921],[-81.903136,34.182987],[-81.903188,34.183075],[-81.903188,34.18324],[-81.903162,34.183317],[-81.90303,34.183471],[-81.902858,34.183581],[-81.902646,34.183548],[-81.902421,34.183471],[-81.902236,34.183471],[-81.90213,34.183548],[-81.90213,34.183624],[-81.902183,34.183712],[-81.902579,34.184064],[-81.902699,34.18424],[-81.902738,34.184438],[-81.902725,34.184482],[-81.902619,34.184614],[-81.902658,34.185043],[-81.902619,34.185076],[-81.902539,34.185087],[-81.902407,34.185054],[-81.902037,34.184845],[-81.901918,34.184845],[-81.901838,34.184889],[-81.901693,34.184911],[-81.901521,34.184867],[-81.901402,34.184801],[-81.900978,34.184449],[-81.900846,34.184394],[-81.900582,34.184416],[-81.900529,34.184471],[-81.900595,34.184625],[-81.900595,34.184779],[-81.900581,34.184823],[-81.900482,34.184877],[-81.90041,34.184844],[-81.900357,34.184767],[-81.900066,34.184515],[-81.899986,34.184515],[-81.899947,34.184558],[-81.89996,34.184679],[-81.899907,34.184745],[-81.899761,34.184778],[-81.899708,34.184756],[-81.899483,34.184767],[-81.89943,34.184822],[-81.899483,34.184877],[-81.899576,34.184932],[-81.900026,34.185086],[-81.900118,34.185152],[-81.900171,34.185251],[-81.900131,34.18535],[-81.899959,34.185405],[-81.899893,34.18546],[-81.899933,34.185504],[-81.900131,34.185526],[-81.90025,34.18562],[-81.900197,34.185757],[-81.900224,34.185801],[-81.900608,34.185735],[-81.900819,34.185724],[-81.901004,34.185768],[-81.90111,34.185878],[-81.901123,34.186065],[-81.901044,34.186164],[-81.900872,34.186241],[-81.900925,34.186439],[-81.900865,34.186637],[-81.900759,34.186758],[-81.9006,34.18689],[-81.900587,34.186934],[-81.90064,34.186967],[-81.900799,34.186923],[-81.901011,34.186945],[-81.901143,34.187],[-81.901262,34.187121],[-81.901315,34.187264],[-81.901394,34.187692],[-81.901407,34.188028],[-81.901381,34.18816],[-81.901248,34.188446],[-81.900997,34.188808],[-81.900864,34.188929],[-81.900679,34.189061],[-81.900547,34.189127],[-81.900256,34.189204],[-81.899541,34.18916],[-81.899329,34.189116],[-81.899224,34.189072],[-81.899025,34.188945],[-81.898761,34.188923],[-81.898549,34.188945],[-81.897993,34.188758],[-81.897887,34.188758],[-81.897821,34.18878],[-81.897663,34.18889],[-81.897464,34.188912],[-81.897385,34.189],[-81.897332,34.189154],[-81.897265,34.189242],[-81.897133,34.189352],[-81.896987,34.189407],[-81.896762,34.18945],[-81.89671,34.189494],[-81.896736,34.189582],[-81.896829,34.189681],[-81.896842,34.189758],[-81.896815,34.18989],[-81.896643,34.190308],[-81.896272,34.190841],[-81.896272,34.190962],[-81.896325,34.190995],[-81.896391,34.190984],[-81.896458,34.19094],[-81.896563,34.190786],[-81.896934,34.190347],[-81.897583,34.189748],[-81.897887,34.189616],[-81.898112,34.189583],[-81.898284,34.189599],[-81.898482,34.189643],[-81.898721,34.189632],[-81.899012,34.189742],[-81.899184,34.189775],[-81.89962,34.189776],[-81.899964,34.189919],[-81.900308,34.189886],[-81.900467,34.189897],[-81.900546,34.189952],[-81.900573,34.190007],[-81.900573,34.190062],[-81.90052,34.190183],[-81.900546,34.190315],[-81.900553,34.190535],[-81.900639,34.19049],[-81.900771,34.190271],[-81.90093,34.190106],[-81.901062,34.189831],[-81.901201,34.189727],[-81.901499,34.189721],[-81.901578,34.189622],[-81.901605,34.189523],[-81.901684,34.189435],[-81.902214,34.189139],[-81.90228,34.189062],[-81.90232,34.188886],[-81.902386,34.188732],[-81.902571,34.188457],[-81.902717,34.188292],[-81.902836,34.188193],[-81.903153,34.188105],[-81.90322,34.188072],[-81.903484,34.187863],[-81.903617,34.187831],[-81.903815,34.187841],[-81.904159,34.188028],[-81.904384,34.188237],[-81.904476,34.188248],[-81.904556,34.188325],[-81.904635,34.188534],[-81.904714,34.1886],[-81.904794,34.188578],[-81.904807,34.188523],[-81.904767,34.188403],[-81.904582,34.188171],[-81.904576,34.188078],[-81.904609,34.188062],[-81.904801,34.188128],[-81.904821,34.188095],[-81.904596,34.187809],[-81.904543,34.187622],[-81.904583,34.187347],[-81.904675,34.187094],[-81.904801,34.186951],[-81.904986,34.186918],[-81.905502,34.186929],[-81.905661,34.186907],[-81.905701,34.186874],[-81.905701,34.186808],[-81.905628,34.186742],[-81.905304,34.186665],[-81.905053,34.186555],[-81.904867,34.186412],[-81.904722,34.186247],[-81.90459,34.186148],[-81.904431,34.186115],[-81.904378,34.186082],[-81.904352,34.186033],[-81.904405,34.185967],[-81.904484,34.185923],[-81.904577,34.185835],[-81.904722,34.185417],[-81.904775,34.18534],[-81.904802,34.185241],[-81.904841,34.185197],[-81.904921,34.185011],[-81.905106,34.184824],[-81.905265,34.184802],[-81.905285,34.184774],[-81.905239,34.184659],[-81.905252,34.184565],[-81.905344,34.184505],[-81.905463,34.184516],[-81.905583,34.184571],[-81.905635,34.18456],[-81.905649,34.184516],[-81.905609,34.18434],[-81.905636,34.184252],[-81.905781,34.18412],[-81.9059,34.184043],[-81.906033,34.183812],[-81.906086,34.183768],[-81.906152,34.183768],[-81.906218,34.183823],[-81.906363,34.1839],[-81.906456,34.183922],[-81.906628,34.184032],[-81.906707,34.183999],[-81.906773,34.183834],[-81.906959,34.183659],[-81.906999,34.183252],[-81.907157,34.183098],[-81.907356,34.183021],[-81.907528,34.182999],[-81.907713,34.183032],[-81.907872,34.183142],[-81.90803,34.18367],[-81.908162,34.183989],[-81.908361,34.184632],[-81.908493,34.18494],[-81.908546,34.184995],[-81.908678,34.185072],[-81.908863,34.185116],[-81.908996,34.185072],[-81.909102,34.184973],[-81.909181,34.184764],[-81.909208,34.184258],[-81.909234,34.18417],[-81.909406,34.184016],[-81.909578,34.183994],[-81.909684,34.184016],[-81.909803,34.184082],[-81.910001,34.184269],[-81.910147,34.184368],[-81.910319,34.18439],[-81.910412,34.184335],[-81.910478,34.18417],[-81.910517,34.183962],[-81.910557,34.183874],[-81.910809,34.183577],[-81.910822,34.183456],[-81.910796,34.183148],[-81.910835,34.182846],[-81.910875,34.182675],[-81.910915,34.182609],[-81.910941,34.182433],[-81.910941,34.182285],[-81.910902,34.182153],[-81.910717,34.1819],[-81.910492,34.181471],[-81.910426,34.181152],[-81.910459,34.180933],[-81.910538,34.180735],[-81.910631,34.180636],[-81.910803,34.180515],[-81.910948,34.180449],[-81.91116,34.180262],[-81.911292,34.180196],[-81.91157,34.180207],[-81.911663,34.180229],[-81.911769,34.180273],[-81.911941,34.180394],[-81.912073,34.180581],[-81.912152,34.180768],[-81.912331,34.181537],[-81.912304,34.181752],[-81.912251,34.181873],[-81.912159,34.182005],[-81.911947,34.18217],[-81.911523,34.182335],[-81.911378,34.182444],[-81.911378,34.182631],[-81.911444,34.182697],[-81.911563,34.18273],[-81.911761,34.182719],[-81.911933,34.182653],[-81.912357,34.18239],[-81.912555,34.182313],[-81.912648,34.182258],[-81.913005,34.182148],[-81.913521,34.182038],[-81.913812,34.182038],[-81.913997,34.182093],[-81.914315,34.182126],[-81.914407,34.182115],[-81.914606,34.182027],[-81.914725,34.181994],[-81.914937,34.182049],[-81.915029,34.182093],[-81.915492,34.182368],[-81.915915,34.182698],[-81.916101,34.182918],[-81.916193,34.183061],[-81.916259,34.183226],[-81.91622,34.183402],[-81.916167,34.183479],[-81.916048,34.183622],[-81.915862,34.183797],[-81.915743,34.183874],[-81.915518,34.183962],[-81.914949,34.184061],[-81.914354,34.184116],[-81.914182,34.184149],[-81.914116,34.184215],[-81.914182,34.184292],[-81.91442,34.184424],[-81.914566,34.184622],[-81.914711,34.184732],[-81.915373,34.18482],[-81.915465,34.184875],[-81.915545,34.184952],[-81.915584,34.185227],[-81.915637,34.185337],[-81.915716,34.185441],[-81.915862,34.185562],[-81.915981,34.185639],[-81.916047,34.185661],[-81.916166,34.185782],[-81.916206,34.185859],[-81.91614,34.186024],[-81.91606,34.186112],[-81.915663,34.186387],[-81.915161,34.186651],[-81.914988,34.186727],[-81.914658,34.186837],[-81.914314,34.186925],[-81.914102,34.186947],[-81.91389,34.186925],[-81.913771,34.186881],[-81.913533,34.186738],[-81.912938,34.186469],[-81.912528,34.186172],[-81.912435,34.18615],[-81.91229,34.186161],[-81.91217,34.18626],[-81.912157,34.186315],[-81.912223,34.186469],[-81.912514,34.186733],[-81.912647,34.18693],[-81.912647,34.187008],[-81.912514,34.187321],[-81.912183,34.187662],[-81.911985,34.187936],[-81.911899,34.188079],[-81.911819,34.188288],[-81.91178,34.188607],[-81.9117,34.188794],[-81.911541,34.188981],[-81.911356,34.189102],[-81.911184,34.189179],[-81.910754,34.189245],[-81.910615,34.18941],[-81.910562,34.189519],[-81.910469,34.189585],[-81.910205,34.189662],[-81.910099,34.189607],[-81.91002,34.189519],[-81.909953,34.189376],[-81.909881,34.189344],[-81.909848,34.189354],[-81.909834,34.189431],[-81.909887,34.18953],[-81.909715,34.189585],[-81.909662,34.189629],[-81.909702,34.189673],[-81.90994,34.189684],[-81.910258,34.189893],[-81.910469,34.190003],[-81.910813,34.190091],[-81.911038,34.190201],[-81.911131,34.1903],[-81.911157,34.19041],[-81.911065,34.19052],[-81.910866,34.190575],[-81.910482,34.190575],[-81.91039,34.190597],[-81.910271,34.190696],[-81.910231,34.190828],[-81.910138,34.190916],[-81.90994,34.190993],[-81.909794,34.190993],[-81.909503,34.191048],[-81.909371,34.191037],[-81.909172,34.19096],[-81.908696,34.190663],[-81.90863,34.190641],[-81.908485,34.190652],[-81.908299,34.19063],[-81.908207,34.190597],[-81.908035,34.190597],[-81.907995,34.190651],[-81.908088,34.190795],[-81.908088,34.190861],[-81.908008,34.190948],[-81.907929,34.190992],[-81.907744,34.191025],[-81.907598,34.191113],[-81.907677,34.191179],[-81.908087,34.191157],[-81.908259,34.191201],[-81.908405,34.191278],[-81.90855,34.191432],[-81.908696,34.191696],[-81.908894,34.19196],[-81.909066,34.192092],[-81.909212,34.192257],[-81.909278,34.1924],[-81.909291,34.192499],[-81.909251,34.192675],[-81.909053,34.192895],[-81.908775,34.193082],[-81.908642,34.193115],[-81.90855,34.193104],[-81.908484,34.193071],[-81.908365,34.192939],[-81.908299,34.192796],[-81.908232,34.192741],[-81.908166,34.192741],[-81.9081,34.192796],[-81.908074,34.192972],[-81.907928,34.193301],[-81.907849,34.193433],[-81.90765,34.193631],[-81.907544,34.193686],[-81.907359,34.193741],[-81.90716,34.193752],[-81.906763,34.193708],[-81.906406,34.193631],[-81.906208,34.19362],[-81.905956,34.193653],[-81.905877,34.193719],[-81.905897,34.193741],[-81.906102,34.193752],[-81.906327,34.193796],[-81.906419,34.193895],[-81.906479,34.194126],[-81.906624,34.194214],[-81.906836,34.194236],[-81.906902,34.194269],[-81.906955,34.194313],[-81.906982,34.194401],[-81.906955,34.194522],[-81.906889,34.194654],[-81.906823,34.194719],[-81.906756,34.194895],[-81.90677,34.195093],[-81.906836,34.195412],[-81.906836,34.195621],[-81.906796,34.195775],[-81.906743,34.195852],[-81.906611,34.195929],[-81.906438,34.195973],[-81.906359,34.195973],[-81.906253,34.196028],[-81.906266,34.196083],[-81.906505,34.19627],[-81.906531,34.196506],[-81.906491,34.196715],[-81.906452,34.196814],[-81.906412,34.196869],[-81.906279,34.196946],[-81.906081,34.197012],[-81.905975,34.197078],[-81.905671,34.197385],[-81.905512,34.197495],[-81.905393,34.197561],[-81.905247,34.197605],[-81.90489,34.197638],[-81.904546,34.197605],[-81.904427,34.197578],[-81.904043,34.197457],[-81.903898,34.197435],[-81.903844,34.197501],[-81.904096,34.197666],[-81.904136,34.19772],[-81.904162,34.197814],[-81.904149,34.197924],[-81.90399,34.198056],[-81.903977,34.198144],[-81.904043,34.19821],[-81.904268,34.19821],[-81.904453,34.1981],[-81.904559,34.198056],[-81.904652,34.198045],[-81.905221,34.198111],[-81.905393,34.198078],[-81.90579,34.197946],[-81.905909,34.197935],[-81.906081,34.197935],[-81.906173,34.197968],[-81.906213,34.198001],[-81.906306,34.198111],[-81.906358,34.198287],[-81.906332,34.198441],[-81.906279,34.198584],[-81.906279,34.198936],[-81.906252,34.199079],[-81.90608,34.199497],[-81.906067,34.199629],[-81.906133,34.199716],[-81.906159,34.199793],[-81.906212,34.200068],[-81.906477,34.200541],[-81.906556,34.200651],[-81.906761,34.200794],[-81.906874,34.200684],[-81.906848,34.199508],[-81.906887,34.199409],[-81.906967,34.199343],[-81.907073,34.199321],[-81.907112,34.199288],[-81.907126,34.1992],[-81.907033,34.198969],[-81.907033,34.198881],[-81.907059,34.198782],[-81.907271,34.198529],[-81.907351,34.198287],[-81.907364,34.198188],[-81.907338,34.198035],[-81.907285,34.197925],[-81.907205,34.197826],[-81.907166,34.197705],[-81.907192,34.197573],[-81.907245,34.197474],[-81.907417,34.197287],[-81.907642,34.196957],[-81.907801,34.196638],[-81.908026,34.196056],[-81.908172,34.19588],[-81.908185,34.195803],[-81.908145,34.19566],[-81.908146,34.195583],[-81.908172,34.195528],[-81.908238,34.195478],[-81.908371,34.195473],[-81.908437,34.195484],[-81.908569,34.195561],[-81.908662,34.19555],[-81.908688,34.19544],[-81.908662,34.195363],[-81.908463,34.19516],[-81.908424,34.195072],[-81.90845,34.194962],[-81.908622,34.194841],[-81.908688,34.194819],[-81.908834,34.194808],[-81.909085,34.194885],[-81.909204,34.194956],[-81.90927,34.194929],[-81.909363,34.194846],[-81.909482,34.194797],[-81.909588,34.194715],[-81.909562,34.194577],[-81.909588,34.194456],[-81.909806,34.194357],[-81.909793,34.194192],[-81.909833,34.194082],[-81.910005,34.193928],[-81.910283,34.193775],[-81.910389,34.193742],[-81.910534,34.193731],[-81.91068,34.193753],[-81.910812,34.193808],[-81.911103,34.194077],[-81.911302,34.194341],[-81.911368,34.194396],[-81.911434,34.194396],[-81.911579,34.194264],[-81.911646,34.194154],[-81.911659,34.194044],[-81.911699,34.193989],[-81.911738,34.193846],[-81.911884,34.193549],[-81.912043,34.193439],[-81.912255,34.193418],[-81.912493,34.193451],[-81.913141,34.193649],[-81.913644,34.193869],[-81.913776,34.193968],[-81.913922,34.194034],[-81.914014,34.1941],[-81.914107,34.194242],[-81.91412,34.19444],[-81.914107,34.194638],[-81.91408,34.194693],[-81.913961,34.194792],[-81.91367,34.194891],[-81.913551,34.194913],[-81.913432,34.195023],[-81.913306,34.195199],[-81.913068,34.195386],[-81.912856,34.195518],[-81.91279,34.195595],[-81.912856,34.19565],[-81.913134,34.19565],[-81.913187,34.195705],[-81.91316,34.195848],[-81.913094,34.195914],[-81.912631,34.196155],[-81.912591,34.196232],[-81.912644,34.196276],[-81.91271,34.196287],[-81.912922,34.196265],[-81.91316,34.196265],[-81.913663,34.196309],[-81.913822,34.196287],[-81.914007,34.196222],[-81.914179,34.196211],[-81.914325,34.196233],[-81.914404,34.196299],[-81.91451,34.196452],[-81.914668,34.196628],[-81.914695,34.196716],[-81.914682,34.19676],[-81.914576,34.196914],[-81.914483,34.197002],[-81.914377,34.197068],[-81.914033,34.197365],[-81.914026,34.197491],[-81.914139,34.197585],[-81.91439,34.197607],[-81.914456,34.19764],[-81.914536,34.197733],[-81.914589,34.197832],[-81.914615,34.19803],[-81.9148,34.198382],[-81.914814,34.198481],[-81.914787,34.198569],[-81.914721,34.198624],[-81.914628,34.198668],[-81.914469,34.198701],[-81.914099,34.198723],[-81.913993,34.198712],[-81.913848,34.198734],[-81.913702,34.198855],[-81.913649,34.199009],[-81.913464,34.199262],[-81.913245,34.199415],[-81.913106,34.199481],[-81.912881,34.199536],[-81.912815,34.199619],[-81.912934,34.199712],[-81.913384,34.199756],[-81.913477,34.199877],[-81.913543,34.199921],[-81.913649,34.19991],[-81.913861,34.199734],[-81.913993,34.19969],[-81.914271,34.199701],[-81.914496,34.199756],[-81.914615,34.199844],[-81.914681,34.199921],[-81.914787,34.200152],[-81.91476,34.200537],[-81.914853,34.200614],[-81.914919,34.200636],[-81.915012,34.200724],[-81.915038,34.201032],[-81.915091,34.201109],[-81.915117,34.20123],[-81.915091,34.201329],[-81.915011,34.201483],[-81.914839,34.201703],[-81.914436,34.202076],[-81.914409,34.202164],[-81.914462,34.202208],[-81.914952,34.202197],[-81.91519,34.202219],[-81.915507,34.202329],[-81.915706,34.202538],[-81.915838,34.20278],[-81.915917,34.203006],[-81.915984,34.203357],[-81.915944,34.203533],[-81.915864,34.203676],[-81.91556,34.203918],[-81.915467,34.203951],[-81.915308,34.20405],[-81.914964,34.204171],[-81.9147,34.204292],[-81.914501,34.204347],[-81.914157,34.204556],[-81.913919,34.204666],[-81.913681,34.204885],[-81.913601,34.205028],[-81.913416,34.205875],[-81.913416,34.206073],[-81.913455,34.206106],[-81.913548,34.206117],[-81.913641,34.206084],[-81.913733,34.20604],[-81.913879,34.20593],[-81.914077,34.205688],[-81.914091,34.205633],[-81.91421,34.205501],[-81.914223,34.205446],[-81.914408,34.205204],[-81.914541,34.205083],[-81.914752,34.204941],[-81.915308,34.204699],[-81.915811,34.204424],[-81.916155,34.204292],[-81.916261,34.204259],[-81.916367,34.204259],[-81.916433,34.20427],[-81.916552,34.204325],[-81.916619,34.204369],[-81.916857,34.204611],[-81.917068,34.204776],[-81.917201,34.20493],[-81.91732,34.205216],[-81.917412,34.205535],[-81.917505,34.205743],[-81.917518,34.205842],[-81.917491,34.206106],[-81.917372,34.206337],[-81.917214,34.20648],[-81.917002,34.20659],[-81.916922,34.206683],[-81.916975,34.206744],[-81.917319,34.206799],[-81.917425,34.206865],[-81.917544,34.207008],[-81.917584,34.207085],[-81.91765,34.20725],[-81.917743,34.207728],[-81.917769,34.20841],[-81.917822,34.208641],[-81.917861,34.208784],[-81.917914,34.208883],[-81.917941,34.209025],[-81.918007,34.209091],[-81.91806,34.209113],[-81.918106,34.209086],[-81.918113,34.208927],[-81.918047,34.208663],[-81.917981,34.208168],[-81.917994,34.208102],[-81.918047,34.208069],[-81.918087,34.208113],[-81.918113,34.208487],[-81.918192,34.208839],[-81.918272,34.209059],[-81.918338,34.209147],[-81.918391,34.209179],[-81.91855,34.209179],[-81.918814,34.20896],[-81.918973,34.208905],[-81.919198,34.208872],[-81.919516,34.208894],[-81.919648,34.208861],[-81.919675,34.208784],[-81.919622,34.208696],[-81.919211,34.208377],[-81.919053,34.208212],[-81.918894,34.207959],[-81.918788,34.207706],[-81.918762,34.207365],[-81.918815,34.206777],[-81.918749,34.205777],[-81.918683,34.205513],[-81.918603,34.204952],[-81.918471,34.204479],[-81.918471,34.204402],[-81.918537,34.204281],[-81.918762,34.20416],[-81.918828,34.204072],[-81.918842,34.203995],[-81.918762,34.203929],[-81.918326,34.203973],[-81.918193,34.203929],[-81.917995,34.203797],[-81.91773,34.203556],[-81.917638,34.203435],[-81.917558,34.203215],[-81.917532,34.202984],[-81.917664,34.202665],[-81.917757,34.202555],[-81.917816,34.202511],[-81.917936,34.202456],[-81.918293,34.202335],[-81.918452,34.202214],[-81.918412,34.202148],[-81.918333,34.202082],[-81.917817,34.201939],[-81.917631,34.201818],[-81.917393,34.201461],[-81.917076,34.201175],[-81.916943,34.20101],[-81.916798,34.200812],[-81.916758,34.200702],[-81.916745,34.200548],[-81.916785,34.200142],[-81.916758,34.199933],[-81.916679,34.199768],[-81.916679,34.19968],[-81.916706,34.199625],[-81.916785,34.199548],[-81.916878,34.199493],[-81.916944,34.199471],[-81.917142,34.199471],[-81.917394,34.199504],[-81.917566,34.199537],[-81.918214,34.199724],[-81.918492,34.199746],[-81.918624,34.199724],[-81.91873,34.199669],[-81.918796,34.199603],[-81.918849,34.199504],[-81.918849,34.199394],[-81.918823,34.199317],[-81.91877,34.19924],[-81.918651,34.19913],[-81.918558,34.199064],[-81.918267,34.198932],[-81.918227,34.198899],[-81.918174,34.198888],[-81.918055,34.198822],[-81.91787,34.198767],[-81.917632,34.198602],[-81.917579,34.198536],[-81.917526,34.198295],[-81.917526,34.197888],[-81.917539,34.197811],[-81.917645,34.197668],[-81.917645,34.197426],[-81.917672,34.197327],[-81.917798,34.197201],[-81.917778,34.197129],[-81.917712,34.197074],[-81.917619,34.19703],[-81.917447,34.196986],[-81.917262,34.196865],[-81.917196,34.196733],[-81.917143,34.196425],[-81.916997,34.196348],[-81.916958,34.196288],[-81.916984,34.196211],[-81.91705,34.196145],[-81.917103,34.196035],[-81.917077,34.195903],[-81.916958,34.195727],[-81.916991,34.195166],[-81.917123,34.194925],[-81.917137,34.194804],[-81.91711,34.194562],[-81.917137,34.194485],[-81.917176,34.194452],[-81.917375,34.194386],[-81.917467,34.19432],[-81.917507,34.194243],[-81.917481,34.194133],[-81.917428,34.194067],[-81.917243,34.193935],[-81.917216,34.193748],[-81.917269,34.193572],[-81.917296,34.193297],[-81.917256,34.193187],[-81.91723,34.19289],[-81.91719,34.192803],[-81.91719,34.192748],[-81.917296,34.192627],[-81.917322,34.192484],[-81.917322,34.192385],[-81.917203,34.192011],[-81.91719,34.19189],[-81.917203,34.191846],[-81.917243,34.191813],[-81.917322,34.191813],[-81.917389,34.191857],[-81.917759,34.192176],[-81.917891,34.192264],[-81.918169,34.192374],[-81.918632,34.192605],[-81.918844,34.192759],[-81.919148,34.193023],[-81.919439,34.19321],[-81.919611,34.193353],[-81.91977,34.193528],[-81.919862,34.193704],[-81.919929,34.193902],[-81.919995,34.193968],[-81.920114,34.194023],[-81.920405,34.1941],[-81.920524,34.194166],[-81.920749,34.194337],[-81.920842,34.194436],[-81.920855,34.194502],[-81.920921,34.194612],[-81.920974,34.194656],[-81.921159,34.194733],[-81.921318,34.194766],[-81.921476,34.194843],[-81.921741,34.195095],[-81.9219,34.195183],[-81.922164,34.195271],[-81.922323,34.195458],[-81.922442,34.195535],[-81.922561,34.195579],[-81.922628,34.195634],[-81.922694,34.195733],[-81.922694,34.195865],[-81.922641,34.196052],[-81.922694,34.196371],[-81.922687,34.196525],[-81.922634,34.196618],[-81.922184,34.197097],[-81.921747,34.197294],[-81.921589,34.197426],[-81.921575,34.197767],[-81.921602,34.197844],[-81.921747,34.198064],[-81.921774,34.198218],[-81.921827,34.198251],[-81.92188,34.198207],[-81.921932,34.198108],[-81.922052,34.197789],[-81.922263,34.197613],[-81.922462,34.197547],[-81.922634,34.197536],[-81.922806,34.19758],[-81.923243,34.197789],[-81.923454,34.197954],[-81.92352,34.198042],[-81.923653,34.198273],[-81.923679,34.198399],[-81.923758,34.198455],[-81.923811,34.198465],[-81.923997,34.198345],[-81.924116,34.198224],[-81.924288,34.197899],[-81.92442,34.197723],[-81.924672,34.197525],[-81.92487,34.197448],[-81.925161,34.197427],[-81.92528,34.197454],[-81.925452,34.197575],[-81.925743,34.197553],[-81.925889,34.197498],[-81.926034,34.197278],[-81.926114,34.197234],[-81.926233,34.197234],[-81.926405,34.197289],[-81.926603,34.197509],[-81.926723,34.197608],[-81.926855,34.197619],[-81.926947,34.197575],[-81.927093,34.197388],[-81.927265,34.197267],[-81.927411,34.197256],[-81.927662,34.197289],[-81.927755,34.197388],[-81.927847,34.197542],[-81.927966,34.197619],[-81.928085,34.197663],[-81.928416,34.197663],[-81.928482,34.197685],[-81.928615,34.197817],[-81.928787,34.198114],[-81.9288,34.198279],[-81.928773,34.198367],[-81.9288,34.198466],[-81.928866,34.198554],[-81.928998,34.198905],[-81.929091,34.198971],[-81.929236,34.198982],[-81.92962,34.198916],[-81.929792,34.198862],[-81.930097,34.198708],[-81.930189,34.198686],[-81.930732,34.198686],[-81.93101,34.198609],[-81.931221,34.198653],[-81.931367,34.198796],[-81.931407,34.198851],[-81.93142,34.198927],[-81.931354,34.199158],[-81.931314,34.199224],[-81.931301,34.199389],[-81.931274,34.199455],[-81.931102,34.199631],[-81.931023,34.199664],[-81.93093,34.199752],[-81.930851,34.199862],[-81.930758,34.20023],[-81.930705,34.200362],[-81.930401,34.200571],[-81.930242,34.200769],[-81.93011,34.201088],[-81.930123,34.201407],[-81.930083,34.201495],[-81.930004,34.201594],[-81.929699,34.201792],[-81.929501,34.201869],[-81.929144,34.201979],[-81.928575,34.202088],[-81.928442,34.202132],[-81.928204,34.202286],[-81.927847,34.202638],[-81.927728,34.202726],[-81.927529,34.20277],[-81.92737,34.202726],[-81.927291,34.202737],[-81.927278,34.202765],[-81.927317,34.202858],[-81.927317,34.203007],[-81.927278,34.203089],[-81.927291,34.203122],[-81.927622,34.2031],[-81.927873,34.203034],[-81.928191,34.20299],[-81.928667,34.202968],[-81.928866,34.20299],[-81.928958,34.203034],[-81.929064,34.203166],[-81.929104,34.203265],[-81.929117,34.203408],[-81.929024,34.203782],[-81.929044,34.204397],[-81.928965,34.204529],[-81.928594,34.204782],[-81.928568,34.204848],[-81.928594,34.205024],[-81.928647,34.205112],[-81.928647,34.205244],[-81.928502,34.20542],[-81.928475,34.205519],[-81.928475,34.205794],[-81.928449,34.205992],[-81.92825,34.206508],[-81.928171,34.206915],[-81.928025,34.207311],[-81.927999,34.207745],[-81.92784,34.208042],[-81.927813,34.208152],[-81.927879,34.208185],[-81.928157,34.208053],[-81.928462,34.207833],[-81.928581,34.207668],[-81.928607,34.20758],[-81.928687,34.207459],[-81.928819,34.206959],[-81.928991,34.206772],[-81.929044,34.206563],[-81.929176,34.206245],[-81.929388,34.205992],[-81.929587,34.205805],[-81.930553,34.205013],[-81.930903,34.204551],[-81.931075,34.20421],[-81.931155,34.204101],[-81.931168,34.204046],[-81.931221,34.204002],[-81.9313,34.203848],[-81.931367,34.203782],[-81.931446,34.203628],[-81.931512,34.203551],[-81.931578,34.203485],[-81.931711,34.203408],[-81.93179,34.203386],[-81.931936,34.203375],[-81.932121,34.203419],[-81.93224,34.203474],[-81.932425,34.20365],[-81.932491,34.203804],[-81.932465,34.204101],[-81.932372,34.204364],[-81.932346,34.204529],[-81.932372,34.204694],[-81.932412,34.204749],[-81.932452,34.204903],[-81.932392,34.205107],[-81.932326,34.205261],[-81.932339,34.205337],[-81.932379,34.20537],[-81.932458,34.205414],[-81.932524,34.205425],[-81.932816,34.205337],[-81.93304,34.205359],[-81.933173,34.205392],[-81.933424,34.205502],[-81.933993,34.205876],[-81.934179,34.205909],[-81.934443,34.205898],[-81.934536,34.20592],[-81.934734,34.206019],[-81.934801,34.20603],[-81.935078,34.206019],[-81.93525,34.206096],[-81.935475,34.206162],[-81.935846,34.20636],[-81.935912,34.206415],[-81.936044,34.206558],[-81.936137,34.206745],[-81.936177,34.206998],[-81.936137,34.207152],[-81.936071,34.207239],[-81.935661,34.207492],[-81.93525,34.207844],[-81.935078,34.207965],[-81.93488,34.207998],[-81.934827,34.208053],[-81.934906,34.208119],[-81.935145,34.208196],[-81.935449,34.208449],[-81.935568,34.208614],[-81.935621,34.208779],[-81.935621,34.209158],[-81.935568,34.209466],[-81.935528,34.20951],[-81.935502,34.209609],[-81.935396,34.209796],[-81.935383,34.209884],[-81.93533,34.209994],[-81.93529,34.210444],[-81.93537,34.210488],[-81.935449,34.210433],[-81.935528,34.210258],[-81.935594,34.210181],[-81.936097,34.209785],[-81.936256,34.209598],[-81.936375,34.2094],[-81.936388,34.209334],[-81.936428,34.209301],[-81.936521,34.209037],[-81.936739,34.208641],[-81.936786,34.20863],[-81.936905,34.208674],[-81.936971,34.208663],[-81.936984,34.208498],[-81.937024,34.208454],[-81.937143,34.208399],[-81.937222,34.208388],[-81.937381,34.2083],[-81.937487,34.20819],[-81.937593,34.207971],[-81.937699,34.207822],[-81.937844,34.207701],[-81.938096,34.207602],[-81.938201,34.207531],[-81.938241,34.207448],[-81.938268,34.207107],[-81.938307,34.206943],[-81.938347,34.206887],[-81.93844,34.20658],[-81.938479,34.206536],[-81.938559,34.206536],[-81.938718,34.206668],[-81.93881,34.206679],[-81.938943,34.206657],[-81.939035,34.206602],[-81.939234,34.206437],[-81.939392,34.206415],[-81.939485,34.206426],[-81.939631,34.206514],[-81.939829,34.206728],[-81.940041,34.206904],[-81.940173,34.206981],[-81.940319,34.207003],[-81.940531,34.206937],[-81.940716,34.206794],[-81.940782,34.206706],[-81.940921,34.206431],[-81.941,34.206101],[-81.941093,34.205947],[-81.941318,34.205782],[-81.94153,34.205738],[-81.941702,34.20576],[-81.942032,34.205892],[-81.942284,34.20609],[-81.94239,34.206244],[-81.942456,34.206409],[-81.942482,34.206673],[-81.94237,34.206915],[-81.942145,34.207223],[-81.942079,34.20741],[-81.942052,34.207585],[-81.942079,34.207827],[-81.942119,34.207882],[-81.942145,34.20797],[-81.942271,34.20808],[-81.942423,34.208135],[-81.942555,34.208113],[-81.942688,34.208036],[-81.942979,34.207772],[-81.943124,34.207706],[-81.943296,34.207662],[-81.943429,34.207651],[-81.943654,34.207673],[-81.943879,34.207728],[-81.944011,34.207728],[-81.944077,34.207706],[-81.944236,34.207563],[-81.944355,34.207508],[-81.944474,34.207541],[-81.944514,34.207585],[-81.944501,34.207662],[-81.944408,34.207772],[-81.944368,34.20786],[-81.944368,34.20797],[-81.944395,34.208124],[-81.944474,34.208322],[-81.94462,34.208531],[-81.94462,34.208608],[-81.944534,34.208707],[-81.944421,34.208729],[-81.944024,34.208575],[-81.943971,34.208635],[-81.94413,34.208751],[-81.944223,34.208861],[-81.944276,34.209267],[-81.944316,34.209377],[-81.944421,34.209454],[-81.944593,34.209509],[-81.944686,34.209586],[-81.944699,34.209641],[-81.944673,34.209696],[-81.944527,34.209856],[-81.944501,34.209955],[-81.944527,34.210108],[-81.944673,34.21024],[-81.944938,34.21035],[-81.945004,34.210394],[-81.945123,34.210515],[-81.945189,34.210636],[-81.945242,34.210691],[-81.945282,34.210845],[-81.945255,34.210999],[-81.945149,34.211098],[-81.945057,34.21112],[-81.944964,34.211131],[-81.944686,34.211109],[-81.943892,34.210834],[-81.943429,34.210636],[-81.943191,34.210625],[-81.942953,34.210653],[-81.942575,34.210653],[-81.942516,34.210708],[-81.942516,34.210851],[-81.942595,34.210988],[-81.942794,34.211175],[-81.942873,34.211329],[-81.942926,34.21167],[-81.943006,34.211769],[-81.943098,34.211813],[-81.943482,34.211879],[-81.943601,34.211923],[-81.943694,34.212],[-81.94376,34.212099],[-81.943786,34.212242],[-81.94376,34.212461],[-81.943667,34.212571],[-81.943588,34.212615],[-81.943429,34.212648],[-81.943138,34.21267],[-81.942979,34.212725],[-81.942913,34.212791],[-81.942926,34.21289],[-81.943019,34.212967],[-81.943231,34.213066],[-81.943323,34.213143],[-81.943403,34.213264],[-81.943403,34.213429],[-81.943244,34.21377],[-81.943218,34.213891],[-81.943211,34.214287],[-81.943158,34.214457],[-81.943065,34.214517],[-81.942986,34.214507],[-81.94288,34.214474],[-81.942655,34.214342],[-81.942549,34.214309],[-81.942437,34.214314],[-81.942152,34.214507],[-81.941967,34.214595],[-81.941808,34.214639],[-81.941305,34.214672],[-81.941213,34.214809],[-81.941266,34.214902],[-81.941266,34.215089],[-81.941305,34.215144],[-81.941477,34.215188],[-81.941821,34.215188],[-81.941888,34.215166],[-81.942417,34.215177],[-81.942629,34.21521],[-81.942735,34.215265],[-81.942814,34.215353],[-81.942827,34.215507],[-81.942761,34.215617],[-81.942563,34.215804],[-81.942205,34.21609],[-81.942047,34.216343],[-81.941901,34.216508],[-81.941848,34.216926],[-81.941795,34.217068],[-81.941729,34.217145],[-81.94161,34.217233],[-81.941544,34.217255],[-81.941438,34.217255],[-81.941292,34.217222],[-81.94108,34.217123],[-81.941014,34.217123],[-81.940961,34.217167],[-81.940975,34.217255],[-81.941133,34.217475],[-81.941133,34.217767],[-81.941028,34.217976],[-81.940935,34.218075],[-81.940842,34.218119],[-81.940564,34.218086],[-81.940511,34.21813],[-81.940511,34.218228],[-81.940591,34.218492],[-81.940564,34.218613],[-81.940498,34.218734],[-81.940353,34.218844],[-81.940273,34.218877],[-81.939982,34.218921],[-81.93985,34.218921],[-81.939386,34.218855],[-81.939188,34.218921],[-81.938923,34.219218],[-81.938619,34.219515],[-81.938394,34.219658],[-81.938301,34.219658],[-81.937785,34.219334],[-81.937639,34.21929],[-81.937547,34.21929],[-81.937388,34.219345],[-81.93707,34.219543],[-81.936978,34.21962],[-81.936991,34.219675],[-81.937163,34.219675],[-81.937229,34.219652],[-81.937467,34.219422],[-81.937533,34.2194],[-81.937639,34.219411],[-81.937679,34.219477],[-81.937613,34.21957],[-81.937613,34.219625],[-81.938209,34.22001],[-81.938381,34.220032],[-81.93852,34.220164],[-81.938599,34.220175],[-81.938731,34.220109],[-81.939029,34.219856],[-81.939201,34.219746],[-81.939559,34.219614],[-81.939678,34.219592],[-81.939916,34.219603],[-81.940009,34.219702],[-81.940035,34.219801],[-81.940128,34.219845],[-81.940247,34.219823],[-81.940538,34.219548],[-81.940684,34.219449],[-81.94116,34.219306],[-81.941359,34.219295],[-81.941544,34.219328],[-81.941643,34.219234],[-81.941597,34.218965],[-81.941782,34.21858],[-81.941967,34.218404],[-81.942179,34.218283],[-81.942338,34.218239],[-81.942655,34.218228],[-81.942867,34.218272],[-81.94296,34.218349],[-81.943026,34.218437],[-81.943105,34.218745],[-81.943172,34.219482],[-81.943304,34.219998],[-81.943317,34.220141],[-81.943291,34.220273],[-81.943198,34.220383],[-81.94304,34.220504],[-81.942987,34.220581],[-81.942987,34.220658],[-81.943092,34.220878],[-81.943106,34.220977],[-81.943099,34.221362],[-81.943073,34.221538],[-81.943033,34.221626],[-81.943007,34.221846],[-81.943126,34.222175],[-81.943152,34.222533],[-81.943218,34.222753],[-81.943404,34.223104],[-81.943496,34.223225],[-81.943589,34.223445],[-81.943616,34.22361],[-81.943616,34.223896],[-81.943549,34.224303],[-81.94347,34.224556],[-81.94343,34.224853],[-81.94343,34.225116],[-81.943457,34.225281],[-81.943563,34.225512],[-81.943616,34.225875],[-81.943629,34.226348],[-81.94355,34.226799],[-81.943484,34.226942],[-81.943338,34.227106],[-81.943153,34.227238],[-81.9431,34.227315],[-81.94306,34.227425],[-81.943034,34.227832],[-81.94306,34.22803],[-81.94312,34.228074],[-81.943192,34.228019],[-81.943219,34.227678],[-81.943285,34.227414],[-81.943457,34.227271],[-81.943589,34.227194],[-81.943669,34.227106],[-81.943709,34.227018],[-81.943748,34.226656],[-81.943735,34.226403],[-81.943788,34.225578],[-81.943854,34.225435],[-81.944013,34.225237],[-81.944119,34.224973],[-81.944277,34.224556],[-81.944344,34.224182],[-81.944344,34.223951],[-81.944277,34.223511],[-81.944238,34.223423],[-81.944026,34.222621],[-81.94392,34.222357],[-81.943642,34.221889],[-81.943589,34.221725],[-81.943562,34.221329],[-81.943576,34.221164],[-81.943635,34.220922],[-81.943714,34.220768],[-81.94382,34.220658],[-81.943953,34.220559],[-81.944125,34.220515],[-81.944191,34.22046],[-81.944204,34.220405],[-81.94427,34.22035],[-81.944456,34.220372],[-81.944548,34.220328],[-81.944562,34.220273],[-81.944442,34.220152],[-81.94431,34.219954],[-81.944244,34.219723],[-81.94427,34.219537],[-81.94431,34.219438],[-81.944403,34.219339],[-81.944614,34.219218],[-81.944614,34.219108],[-81.944442,34.218987],[-81.944416,34.2188],[-81.944416,34.218602],[-81.944455,34.218327],[-81.944508,34.218168],[-81.944627,34.218063],[-81.944892,34.217942],[-81.944958,34.217876],[-81.944958,34.217766],[-81.944879,34.217656],[-81.944588,34.217557],[-81.944495,34.217502],[-81.944442,34.217458],[-81.944429,34.217338],[-81.944561,34.217085],[-81.945024,34.216502],[-81.945143,34.216117],[-81.945183,34.216051],[-81.945236,34.216007],[-81.945315,34.215875],[-81.945487,34.215721],[-81.945534,34.215655],[-81.94558,34.21549],[-81.945501,34.215369],[-81.945448,34.215325],[-81.945434,34.215193],[-81.945448,34.215089],[-81.945567,34.214968],[-81.945699,34.214952],[-81.946268,34.215006],[-81.94644,34.215039],[-81.946639,34.215105],[-81.946917,34.215358],[-81.94697,34.215369],[-81.947009,34.215336],[-81.946983,34.215193],[-81.946877,34.214962],[-81.946771,34.21482],[-81.946394,34.214539],[-81.946235,34.214286],[-81.94597,34.213748],[-81.945838,34.213209],[-81.945811,34.212956],[-81.945838,34.212615],[-81.945917,34.212406],[-81.945997,34.212296],[-81.946129,34.212186],[-81.946777,34.211834],[-81.947174,34.211526],[-81.947373,34.211406],[-81.947505,34.211361],[-81.948286,34.211328],[-81.948895,34.211328],[-81.949173,34.21135],[-81.949252,34.211372],[-81.949345,34.211405],[-81.949451,34.211504],[-81.94949,34.211592],[-81.94953,34.211889],[-81.949623,34.212175],[-81.949742,34.212362],[-81.950179,34.212752],[-81.950245,34.212939],[-81.950245,34.213071],[-81.950271,34.213181],[-81.950311,34.213236],[-81.95043,34.213313],[-81.951039,34.213379],[-81.951264,34.213444],[-81.95141,34.21351],[-81.951568,34.213631],[-81.951714,34.213785],[-81.951793,34.213939],[-81.95186,34.214159],[-81.951886,34.21439],[-81.951966,34.21472],[-81.952058,34.214885],[-81.952178,34.215247],[-81.952217,34.215302],[-81.952489,34.215962],[-81.952502,34.216116],[-81.952476,34.216193],[-81.952409,34.216281],[-81.952317,34.216336],[-81.951734,34.216336],[-81.951681,34.216413],[-81.951748,34.216545],[-81.952052,34.216809],[-81.952224,34.216886],[-81.952489,34.216968],[-81.952767,34.21699],[-81.953323,34.216979],[-81.953587,34.21721],[-81.953627,34.217276],[-81.953614,34.217353],[-81.952833,34.218078],[-81.95196,34.218716],[-81.951603,34.218881],[-81.950822,34.218969],[-81.95057,34.219057],[-81.950147,34.219288],[-81.950028,34.219398],[-81.950014,34.219453],[-81.950067,34.219486],[-81.950173,34.219464],[-81.950795,34.219442],[-81.951536,34.219651],[-81.951669,34.219673],[-81.952278,34.21964],[-81.952701,34.219552],[-81.953125,34.21953],[-81.953257,34.219475],[-81.953456,34.219244],[-81.953628,34.219123],[-81.954303,34.21876],[-81.954541,34.218694],[-81.954713,34.218705],[-81.954858,34.218738],[-81.955633,34.219078],[-81.956103,34.219232],[-81.956209,34.219287],[-81.956381,34.21943],[-81.956447,34.219507],[-81.956526,34.21965],[-81.956526,34.219771],[-81.956447,34.219925],[-81.956341,34.220024],[-81.955904,34.220321],[-81.955627,34.220585],[-81.95523,34.221113],[-81.95515,34.221157],[-81.954872,34.221256],[-81.954647,34.221278],[-81.953932,34.221234],[-81.953827,34.221234],[-81.953641,34.221267],[-81.953602,34.221333],[-81.953721,34.22141],[-81.953919,34.221487],[-81.954065,34.221641],[-81.954118,34.221783],[-81.954118,34.221921],[-81.954091,34.22202],[-81.953893,34.222306],[-81.953695,34.222504],[-81.953523,34.222669],[-81.953073,34.223032],[-81.95304,34.223103],[-81.953073,34.223147],[-81.953225,34.22313],[-81.953549,34.223042],[-81.954025,34.222811],[-81.954237,34.222789],[-81.954303,34.222866],[-81.954171,34.223196],[-81.954184,34.223262],[-81.954264,34.223273],[-81.954621,34.223097],[-81.955376,34.222877],[-81.95564,34.222734],[-81.955825,34.222657],[-81.955958,34.222624],[-81.956064,34.222635],[-81.956156,34.222734],[-81.956156,34.222998],[-81.956209,34.223031],[-81.956289,34.223009],[-81.956421,34.222888],[-81.956593,34.222778],[-81.957017,34.222668],[-81.957387,34.222492],[-81.957612,34.222283],[-81.957784,34.22203],[-81.95793,34.221898],[-81.958009,34.221865],[-81.958221,34.221887],[-81.958287,34.221909],[-81.958671,34.22214],[-81.959108,34.222272],[-81.95932,34.222437],[-81.959465,34.222601],[-81.959545,34.22281],[-81.959558,34.222876],[-81.959492,34.223118],[-81.959373,34.223294],[-81.958976,34.223701],[-81.95891,34.223822],[-81.958718,34.224295],[-81.958652,34.224394],[-81.95852,34.224515],[-81.958334,34.224614],[-81.958202,34.224724],[-81.958215,34.224999],[-81.958176,34.225076],[-81.958096,34.225153],[-81.958056,34.225229],[-81.957977,34.225317],[-81.957911,34.225471],[-81.957832,34.225939],[-81.957766,34.226587],[-81.957739,34.226664],[-81.957673,34.226785],[-81.95762,34.22684],[-81.957395,34.226994],[-81.957276,34.227104],[-81.957276,34.227181],[-81.957329,34.227225],[-81.957528,34.227203],[-81.957753,34.227137],[-81.958057,34.227005],[-81.958189,34.226928],[-81.958322,34.226796],[-81.958546,34.226455],[-81.958732,34.226323],[-81.958891,34.226301],[-81.959195,34.226323],[-81.959566,34.226301],[-81.959883,34.226191],[-81.960267,34.226015],[-81.960426,34.225982],[-81.960532,34.225982],[-81.960611,34.226004],[-81.960717,34.226103],[-81.96077,34.226422],[-81.960903,34.226785],[-81.961101,34.226916],[-81.961313,34.22696],[-81.961445,34.226949],[-81.961512,34.226905],[-81.961551,34.22685],[-81.961578,34.226663],[-81.961458,34.226334],[-81.961207,34.225839],[-81.961207,34.225729],[-81.961299,34.225586],[-81.961352,34.225553],[-81.961591,34.225487],[-81.961921,34.225443],[-81.962186,34.225465],[-81.962464,34.225575],[-81.962702,34.225696],[-81.962888,34.225828],[-81.963126,34.226047],[-81.963245,34.226267],[-81.963259,34.226388],[-81.963206,34.22663],[-81.962902,34.227367],[-81.962796,34.227697],[-81.962769,34.227928],[-81.962769,34.228191],[-81.962743,34.228345],[-81.962584,34.228923],[-81.962558,34.229143],[-81.962571,34.229461],[-81.962492,34.229868],[-81.962492,34.230154],[-81.962453,34.230242],[-81.962413,34.230286],[-81.962307,34.23033],[-81.961963,34.230308],[-81.961526,34.230187],[-81.961063,34.230022],[-81.96097,34.230044],[-81.960957,34.23011],[-81.960983,34.230209],[-81.961089,34.230429],[-81.961063,34.230539],[-81.960983,34.230583],[-81.960745,34.230605],[-81.960679,34.230649],[-81.960692,34.230737],[-81.960957,34.230869],[-81.961036,34.230957],[-81.961063,34.231023],[-81.96105,34.231155],[-81.96097,34.231243],[-81.96097,34.231309],[-81.961023,34.231441],[-81.960997,34.231507],[-81.960904,34.231589],[-81.960911,34.231622],[-81.961315,34.231936],[-81.961407,34.232045],[-81.961467,34.232166],[-81.96156,34.232452],[-81.961533,34.232628],[-81.961401,34.232738],[-81.961268,34.232793],[-81.961269,34.232914],[-81.961375,34.233057],[-81.961348,34.233293],[-81.961269,34.233409],[-81.96062,34.234014],[-81.960409,34.234157],[-81.960223,34.234234],[-81.960051,34.234245],[-81.959919,34.234212],[-81.959866,34.234168],[-81.959733,34.234113],[-81.959508,34.23408],[-81.958886,34.23408],[-81.958582,34.234058],[-81.958118,34.233937],[-81.957734,34.233882],[-81.957562,34.233827],[-81.957112,34.233751],[-81.956953,34.233674],[-81.956781,34.233498],[-81.956715,34.233498],[-81.95649,34.233663],[-81.956106,34.233663],[-81.956,34.233773],[-81.955974,34.233938],[-81.955908,34.23407],[-81.95567,34.234356],[-81.955167,34.234883],[-81.954478,34.235543],[-81.954333,34.235642],[-81.954227,34.235686],[-81.954068,34.235697],[-81.953975,34.235675],[-81.953909,34.235642],[-81.953817,34.235554],[-81.95375,34.235368],[-81.953658,34.235269],[-81.953591,34.235225],[-81.953512,34.235225],[-81.953472,34.235258],[-81.953459,34.235313],[-81.953486,34.235532],[-81.953512,34.235576],[-81.953512,34.235719],[-81.953486,34.235829],[-81.953406,34.236005],[-81.953287,34.236148],[-81.95297,34.23639],[-81.952692,34.236522],[-81.952215,34.236676],[-81.951606,34.236819],[-81.951566,34.236852],[-81.951566,34.236918],[-81.951633,34.236951],[-81.951725,34.236962],[-81.952467,34.236918],[-81.952784,34.237028],[-81.952903,34.237039],[-81.953102,34.236995],[-81.953248,34.236918],[-81.953393,34.236808],[-81.953486,34.236709],[-81.953645,34.23628],[-81.953817,34.236148],[-81.954042,34.236137],[-81.954174,34.236159],[-81.954307,34.236214],[-81.954439,34.236313],[-81.954505,34.236335],[-81.954743,34.236346],[-81.955035,34.236302],[-81.955167,34.236258],[-81.955273,34.236148],[-81.955286,34.23606],[-81.955392,34.235983],[-81.955511,34.235994],[-81.955604,34.23606],[-81.95571,34.23606],[-81.955974,34.235829],[-81.956001,34.235675],[-81.955974,34.235455],[-81.956001,34.235367],[-81.956146,34.235268],[-81.956265,34.235213],[-81.956318,34.235081],[-81.956292,34.234971],[-81.956305,34.234916],[-81.956451,34.234828],[-81.956609,34.234817],[-81.956821,34.234839],[-81.956954,34.234883],[-81.957179,34.235048],[-81.957245,34.23507],[-81.957589,34.235048],[-81.957761,34.235059],[-81.957841,34.235136],[-81.957894,34.235334],[-81.95796,34.235389],[-81.958066,34.235411],[-81.958331,34.235411],[-81.958569,34.235388],[-81.95882,34.235311],[-81.959019,34.235212],[-81.959297,34.235113],[-81.959456,34.235124],[-81.959575,34.235256],[-81.959654,34.23541],[-81.959654,34.235542],[-81.959588,34.235707],[-81.95939,34.235949],[-81.95935,34.236092],[-81.95943,34.237098],[-81.959403,34.237252],[-81.959231,34.237648],[-81.959165,34.23789],[-81.959126,34.238296],[-81.959139,34.238472],[-81.959113,34.238604],[-81.959013,34.238758],[-81.958934,34.238824],[-81.958855,34.238934],[-81.958868,34.239022],[-81.958907,34.239066],[-81.95896,34.239187],[-81.958987,34.239572],[-81.95912,34.239968],[-81.959159,34.240275],[-81.959252,34.240594],[-81.959265,34.240693],[-81.959246,34.24104],[-81.959305,34.241089],[-81.959398,34.241034],[-81.95953,34.240616],[-81.959596,34.240275],[-81.959649,34.240154],[-81.959781,34.240022],[-81.959808,34.239924],[-81.959702,34.239649],[-81.959728,34.239121],[-81.960052,34.238131],[-81.960158,34.237867],[-81.960198,34.237593],[-81.960251,34.237395],[-81.960317,34.237241],[-81.960502,34.236944],[-81.960529,34.236768],[-81.960489,34.236449],[-81.960581,34.236295],[-81.960767,34.236163],[-81.960846,34.236064],[-81.960939,34.235767],[-81.961058,34.23558],[-81.961203,34.235426],[-81.961296,34.235388],[-81.961494,34.235393],[-81.961574,34.235415],[-81.961772,34.235558],[-81.961984,34.235778],[-81.962262,34.236009],[-81.962448,34.236119],[-81.962646,34.236185],[-81.962766,34.236273],[-81.962792,34.236328],[-81.962792,34.236569],[-81.962819,34.236613],[-81.962885,34.236613],[-81.962964,34.236349],[-81.96303,34.236228],[-81.96307,34.236097],[-81.963043,34.235855],[-81.962898,34.235393],[-81.962778,34.235129],[-81.962699,34.234766],[-81.962725,34.234497],[-81.962805,34.23431],[-81.962924,34.234178],[-81.963016,34.234134],[-81.963202,34.23409],[-81.963307,34.234024],[-81.963453,34.233881],[-81.963585,34.233595],[-81.96389,34.233408],[-81.963996,34.233232],[-81.964022,34.2331],[-81.964009,34.232957],[-81.964048,34.232792],[-81.964148,34.232671],[-81.96424,34.232605],[-81.964306,34.232572],[-81.964439,34.232561],[-81.964743,34.232616],[-81.96524,34.233078],[-81.965293,34.233067],[-81.965233,34.232748],[-81.965246,34.232319],[-81.96522,34.232209],[-81.964968,34.232011],[-81.964968,34.231858],[-81.965021,34.231792],[-81.965034,34.231704],[-81.964902,34.231583],[-81.964875,34.231528],[-81.964862,34.231484],[-81.964888,34.231363],[-81.964994,34.231297],[-81.965127,34.231308],[-81.965219,34.231363],[-81.965272,34.231374],[-81.965775,34.23133],[-81.965841,34.231297],[-81.965934,34.23122],[-81.966066,34.231],[-81.966133,34.230802],[-81.966146,34.230659],[-81.966212,34.230428],[-81.966291,34.230197],[-81.966357,34.230087],[-81.96641,34.230043],[-81.966437,34.229988],[-81.966609,34.229845],[-81.966741,34.229779],[-81.966979,34.229713],[-81.967125,34.229581],[-81.967138,34.229394],[-81.967012,34.229273],[-81.966926,34.22924],[-81.966635,34.229218],[-81.96637,34.229152],[-81.966291,34.229108],[-81.966198,34.229021],[-81.966158,34.228878],[-81.966145,34.228636],[-81.966224,34.228086],[-81.96629,34.22791],[-81.96633,34.227877],[-81.966409,34.227745],[-81.966595,34.227613],[-81.966674,34.227591],[-81.966886,34.227591],[-81.967217,34.227679],[-81.967627,34.227899],[-81.967945,34.228107],[-81.968369,34.228525],[-81.968607,34.228712],[-81.968911,34.228855],[-81.969031,34.228932],[-81.969256,34.229185],[-81.969415,34.229316],[-81.969587,34.229437],[-81.969944,34.229558],[-81.970116,34.229712],[-81.970328,34.230053],[-81.970368,34.230086],[-81.970395,34.230157],[-81.970461,34.230223],[-81.970686,34.230564],[-81.971096,34.231092],[-81.971229,34.231355],[-81.971256,34.231531],[-81.971216,34.231685],[-81.97115,34.231762],[-81.970912,34.231927],[-81.970859,34.231993],[-81.970819,34.232213],[-81.970859,34.232279],[-81.970925,34.232334],[-81.971097,34.232444],[-81.97119,34.232466],[-81.971349,34.232466],[-81.9716,34.232367],[-81.971971,34.232125],[-81.972169,34.232026],[-81.972434,34.231971],[-81.972593,34.231993],[-81.972805,34.232146],[-81.972871,34.232245],[-81.972897,34.232355],[-81.972897,34.232498],[-81.972858,34.23263],[-81.972752,34.232784],[-81.972381,34.233136],[-81.972037,34.233422],[-81.971971,34.233455],[-81.971812,34.233609],[-81.97172,34.233719],[-81.97172,34.233774],[-81.971786,34.233785],[-81.972011,34.233719],[-81.972461,34.233466],[-81.972514,34.233455],[-81.973176,34.233136],[-81.973334,34.233081],[-81.973559,34.233081],[-81.973692,34.233114],[-81.973838,34.233191],[-81.974301,34.233619],[-81.974354,34.233718],[-81.974354,34.233889],[-81.974261,34.234065],[-81.974103,34.234164],[-81.973653,34.23434],[-81.973375,34.234472],[-81.97319,34.234648],[-81.97315,34.234747],[-81.973157,34.234818],[-81.973276,34.234911],[-81.973805,34.235032],[-81.973924,34.235087],[-81.974097,34.235263],[-81.97411,34.235428],[-81.974057,34.235549],[-81.973872,34.235769],[-81.973845,34.235824],[-81.973845,34.235978],[-81.973872,34.236077],[-81.974071,34.236242],[-81.974415,34.236439],[-81.974574,34.236582],[-81.974627,34.236692],[-81.974627,34.236835],[-81.9746,34.236901],[-81.974481,34.237077],[-81.974415,34.237132],[-81.974243,34.237528],[-81.974151,34.237671],[-81.973846,34.237968],[-81.973727,34.23832],[-81.973172,34.238936],[-81.97296,34.239144],[-81.972656,34.239386],[-81.972298,34.239607],[-81.972047,34.239717],[-81.971742,34.239761],[-81.971557,34.239739],[-81.971027,34.239431],[-81.970961,34.239431],[-81.970868,34.239497],[-81.970842,34.239585],[-81.970908,34.239728],[-81.970908,34.239805],[-81.970855,34.239959],[-81.970763,34.240069],[-81.970577,34.240157],[-81.970273,34.24041],[-81.96979,34.24052],[-81.969095,34.240718],[-81.968949,34.240773],[-81.968791,34.240861],[-81.968618,34.241004],[-81.967977,34.241664],[-81.967884,34.241807],[-81.96793,34.241878],[-81.967977,34.241895],[-81.968083,34.241895],[-81.968427,34.241686],[-81.969049,34.241367],[-81.969387,34.241268],[-81.969539,34.241246],[-81.969863,34.241158],[-81.970644,34.241025],[-81.971491,34.240794],[-81.971716,34.240772],[-81.971915,34.240783],[-81.972113,34.240827],[-81.972219,34.24092],[-81.972259,34.241008],[-81.972259,34.241074],[-81.972206,34.241184],[-81.9721,34.241283],[-81.9721,34.241492],[-81.972034,34.241657],[-81.972008,34.241789],[-81.972174,34.242559],[-81.972253,34.242779],[-81.97232,34.243042],[-81.972399,34.243114],[-81.972465,34.243064],[-81.972492,34.242998],[-81.972518,34.242789],[-81.972802,34.242097],[-81.972835,34.242053],[-81.972855,34.241998],[-81.973212,34.241338],[-81.973318,34.241195],[-81.973689,34.240821],[-81.973953,34.240623],[-81.974152,34.240557],[-81.974271,34.240546],[-81.97443,34.240568],[-81.974536,34.240667],[-81.974602,34.240876],[-81.974669,34.241436],[-81.974748,34.241491],[-81.974828,34.241458],[-81.975145,34.241084],[-81.975251,34.240996],[-81.975595,34.240809],[-81.97582,34.240776],[-81.976019,34.240798],[-81.976191,34.240864],[-81.976337,34.241007],[-81.976416,34.241216],[-81.976443,34.242018],[-81.976483,34.24248],[-81.976404,34.242722],[-81.976311,34.242799],[-81.976205,34.242854],[-81.976099,34.242876],[-81.976046,34.24292],[-81.97604,34.242975],[-81.976146,34.243041],[-81.976344,34.243085],[-81.976477,34.243206],[-81.97653,34.24336],[-81.97653,34.24347],[-81.976477,34.243766],[-81.97649,34.24414],[-81.976424,34.244597],[-81.976345,34.244849],[-81.976279,34.245157],[-81.976041,34.245795],[-81.975988,34.245993],[-81.975949,34.246059],[-81.975896,34.246257],[-81.975631,34.246763],[-81.975631,34.246994],[-81.975731,34.247043],[-81.975843,34.246928],[-81.975949,34.246653],[-81.976088,34.246521],[-81.976386,34.246488],[-81.976452,34.246433],[-81.976531,34.246169],[-81.97665,34.245993],[-81.976716,34.245674],[-81.976796,34.245575],[-81.977021,34.24547],[-81.976967,34.245212],[-81.976967,34.245124],[-81.977007,34.245025],[-81.977338,34.244519],[-81.97743,34.24431],[-81.977523,34.243794],[-81.977589,34.243535],[-81.977655,34.243414],[-81.977887,34.243139],[-81.977979,34.243084],[-81.978072,34.243062],[-81.978376,34.243095],[-81.978429,34.242941],[-81.97835,34.242864],[-81.978006,34.24282],[-81.977939,34.242787],[-81.977873,34.242732],[-81.977794,34.242612],[-81.97778,34.242447],[-81.97786,34.242139],[-81.977939,34.24204],[-81.978071,34.241974],[-81.978111,34.241864],[-81.977952,34.241721],[-81.977925,34.241622],[-81.977925,34.241435],[-81.977992,34.241259],[-81.977965,34.241177],[-81.977832,34.240951],[-81.977819,34.240852],[-81.977938,34.240391],[-81.977978,34.239973],[-81.977938,34.23961],[-81.977818,34.239203],[-81.977779,34.238928],[-81.977792,34.238829],[-81.977898,34.238708],[-81.977964,34.238675],[-81.978083,34.238664],[-81.978281,34.238686],[-81.978387,34.238719],[-81.978573,34.23873],[-81.978943,34.238807],[-81.979049,34.23884],[-81.979155,34.238917],[-81.979208,34.238972],[-81.979261,34.239269],[-81.979314,34.239401],[-81.979434,34.239554],[-81.979831,34.239829],[-81.980347,34.240016],[-81.980506,34.240104],[-81.980612,34.240192],[-81.980665,34.240367],[-81.980639,34.240675],[-81.980665,34.240807],[-81.980758,34.240928],[-81.980957,34.241049],[-81.981341,34.241214],[-81.981447,34.24128],[-81.981659,34.241483],[-81.981712,34.241582],[-81.981738,34.241725],[-81.981646,34.242088],[-81.981659,34.24233],[-81.981712,34.242462],[-81.981725,34.24256],[-81.981699,34.242769],[-81.981633,34.242945],[-81.981329,34.243572],[-81.98125,34.243792],[-81.981078,34.244067],[-81.980992,34.244254],[-81.980992,34.244342],[-81.981045,34.244375],[-81.981098,34.244353],[-81.981845,34.243759],[-81.982229,34.243517],[-81.982534,34.243352],[-81.982719,34.243275],[-81.983142,34.243154],[-81.983619,34.243087],[-81.983751,34.243087],[-81.984043,34.24312],[-81.984585,34.243285],[-81.985089,34.243219],[-81.985367,34.243285],[-81.985565,34.243416],[-81.985724,34.243592],[-81.985764,34.243702],[-81.985738,34.243856],[-81.985552,34.244065],[-81.985513,34.244208],[-81.985539,34.244428],[-81.98554,34.244703],[-81.985474,34.244923],[-81.985288,34.245258],[-81.985123,34.245456],[-81.984991,34.245566],[-81.984792,34.245643],[-81.984594,34.245616],[-81.984541,34.245632],[-81.984448,34.245682],[-81.984408,34.245742],[-81.984448,34.24594],[-81.984408,34.24605],[-81.984276,34.246226],[-81.983734,34.246721],[-81.983337,34.246985],[-81.983363,34.247029],[-81.983654,34.247194],[-81.9838,34.247348],[-81.984052,34.247205],[-81.984621,34.247018],[-81.984833,34.246929],[-81.985031,34.246874],[-81.985388,34.246709],[-81.985666,34.246599],[-81.985772,34.246577],[-81.986116,34.24639],[-81.986328,34.246192],[-81.986394,34.246159],[-81.986513,34.246159],[-81.986606,34.246247],[-81.986659,34.24639],[-81.986712,34.246698],[-81.986805,34.247028],[-81.986872,34.247181],[-81.987004,34.24739],[-81.987163,34.247577],[-81.987309,34.247808],[-81.987388,34.248017],[-81.987402,34.248105],[-81.987508,34.248347],[-81.987521,34.248434],[-81.987601,34.248577],[-81.987654,34.248632],[-81.98776,34.248698],[-81.987866,34.248698],[-81.987985,34.248599],[-81.988051,34.2485],[-81.98809,34.248302],[-81.98809,34.248137],[-81.987944,34.247126],[-81.987944,34.246917],[-81.98797,34.246631],[-81.988102,34.246136],[-81.988129,34.24607],[-81.988307,34.245828],[-81.98844,34.245729],[-81.988585,34.245674],[-81.98885,34.245685],[-81.988982,34.245652],[-81.989075,34.245553],[-81.989115,34.245377],[-81.989061,34.245212],[-81.988863,34.245037],[-81.988624,34.24474],[-81.988598,34.244652],[-81.988611,34.244553],[-81.988677,34.244498],[-81.988809,34.244465],[-81.989048,34.244509],[-81.989399,34.244619],[-81.989551,34.244684],[-81.989723,34.244904],[-81.989776,34.245058],[-81.989829,34.245355],[-81.989909,34.245564],[-81.990041,34.245663],[-81.9902,34.245707],[-81.990359,34.245706],[-81.99065,34.245629],[-81.990783,34.245629],[-81.990876,34.245651],[-81.991061,34.245827],[-81.991127,34.24586],[-81.991326,34.245893],[-81.991405,34.245937],[-81.991617,34.245959],[-81.991895,34.246058],[-81.992014,34.246123],[-81.992147,34.246266],[-81.9922,34.246365],[-81.992174,34.246607],[-81.991856,34.247014],[-81.991664,34.247157],[-81.991611,34.247223],[-81.991585,34.247388],[-81.991638,34.247454],[-81.991943,34.247624],[-81.992128,34.2478],[-81.992181,34.247921],[-81.992208,34.24824],[-81.992248,34.248361],[-81.99234,34.248427],[-81.992446,34.248438],[-81.992512,34.248416],[-81.992579,34.24835],[-81.993015,34.248096],[-81.993174,34.248063],[-81.993293,34.248063],[-81.993399,34.248173],[-81.993479,34.248558],[-81.993439,34.248822],[-81.993347,34.248932],[-81.993254,34.248987],[-81.993122,34.249031],[-81.992539,34.249119],[-81.992486,34.249191],[-81.992553,34.249262],[-81.992738,34.249361],[-81.993321,34.249504],[-81.993427,34.249559],[-81.993473,34.249619],[-81.993427,34.249756],[-81.993361,34.249789],[-81.993182,34.249806],[-81.993043,34.249966],[-81.993043,34.250136],[-81.993577,34.250616],[-81.99367,34.25077],[-81.993617,34.250924],[-81.993406,34.2511],[-81.993379,34.251199],[-81.99334,34.251232],[-81.993181,34.251276],[-81.993022,34.251265],[-81.992956,34.25132],[-81.992837,34.251364],[-81.992744,34.251375],[-81.992731,34.251419],[-81.992823,34.251529],[-81.992909,34.251738],[-81.992936,34.251837],[-81.99291,34.251991],[-81.99283,34.252079],[-81.992605,34.252167],[-81.99234,34.252189],[-81.992155,34.252057],[-81.992089,34.252134],[-81.991996,34.252195],[-81.991877,34.252184],[-81.991751,34.252118],[-81.991718,34.252129],[-81.991705,34.25247],[-81.991917,34.252612],[-81.992235,34.252772],[-81.99238,34.252893],[-81.992473,34.253002],[-81.992553,34.253145],[-81.992632,34.253453],[-81.992791,34.253717],[-81.992805,34.253942],[-81.992739,34.253992],[-81.992236,34.254053],[-81.992116,34.254097],[-81.991693,34.254383],[-81.991468,34.254482],[-81.991375,34.254504],[-81.991335,34.254537],[-81.991124,34.254592],[-81.990925,34.254603],[-81.990607,34.254548],[-81.990568,34.254581],[-81.990607,34.254801],[-81.990687,34.254977],[-81.9907,34.255109],[-81.990687,34.255175],[-81.990574,34.255318],[-81.990442,34.255417],[-81.990244,34.255527],[-81.989939,34.255604],[-81.989635,34.255615],[-81.989436,34.255593],[-81.989131,34.255483],[-81.989065,34.255516],[-81.989118,34.255659],[-81.989105,34.255824],[-81.988973,34.255912],[-81.988748,34.255967],[-81.988536,34.255973],[-81.988192,34.255918],[-81.987602,34.255478],[-81.987085,34.254973],[-81.986542,34.254632],[-81.986423,34.254627],[-81.986423,34.254709],[-81.986529,34.254918],[-81.986649,34.255072],[-81.98698,34.255402],[-81.987225,34.255721],[-81.987424,34.256028],[-81.987477,34.256215],[-81.987424,34.256347],[-81.987265,34.256446],[-81.98704,34.256512],[-81.986749,34.256534],[-81.986682,34.256556],[-81.986643,34.2566],[-81.986722,34.256655],[-81.986908,34.256699],[-81.987212,34.256732],[-81.987477,34.256798],[-81.987556,34.256886],[-81.987556,34.256941],[-81.987424,34.257161],[-81.987358,34.257436],[-81.987279,34.257557],[-81.987199,34.257612],[-81.98659,34.257843],[-81.986378,34.258041],[-81.986273,34.258184],[-81.986034,34.258393],[-81.985955,34.258514],[-81.985889,34.258569],[-81.985823,34.258602],[-81.985598,34.258624],[-81.985399,34.258547],[-81.985253,34.258514],[-81.984949,34.258531],[-81.984697,34.258432],[-81.984392,34.258267],[-81.984273,34.258234],[-81.984227,34.25824],[-81.984101,34.258355],[-81.984009,34.258718],[-81.983943,34.258839],[-81.983837,34.258949],[-81.983678,34.259048],[-81.983426,34.259114],[-81.982923,34.259136],[-81.98283,34.259092],[-81.982751,34.259026],[-81.982658,34.258927],[-81.982565,34.258784],[-81.982301,34.258532],[-81.982102,34.25829],[-81.98193,34.258147],[-81.981771,34.258114],[-81.981678,34.25807],[-81.981625,34.258114],[-81.981652,34.258202],[-81.981771,34.258356],[-81.98189,34.258576],[-81.981956,34.258708],[-81.982009,34.258895],[-81.982023,34.259246],[-81.981996,34.2594],[-81.981937,34.25951],[-81.981844,34.25962],[-81.981593,34.259796],[-81.981328,34.259862],[-81.98101,34.259714],[-81.980864,34.25967],[-81.980586,34.259637],[-81.980546,34.259692],[-81.980573,34.259923],[-81.980547,34.259989],[-81.980322,34.260198],[-81.979964,34.260451],[-81.979752,34.260572],[-81.97962,34.260583],[-81.979527,34.260561],[-81.979355,34.260484],[-81.97913,34.260418],[-81.979064,34.260353],[-81.978984,34.26032],[-81.978945,34.260353],[-81.978945,34.260474],[-81.978998,34.260803],[-81.978971,34.260858],[-81.978971,34.260924],[-81.97872,34.261122],[-81.978309,34.261353],[-81.978203,34.261447],[-81.978204,34.261639],[-81.978177,34.261705],[-81.978084,34.26176],[-81.977846,34.261738],[-81.977727,34.261815],[-81.977647,34.261826],[-81.977542,34.261881],[-81.977131,34.261909],[-81.976959,34.261843],[-81.976641,34.261557],[-81.976615,34.261574],[-81.976601,34.261876],[-81.976628,34.261997],[-81.976707,34.262129],[-81.976654,34.262195],[-81.976496,34.262239],[-81.976456,34.262272],[-81.97639,34.262283],[-81.976244,34.262349],[-81.976112,34.262448],[-81.975715,34.262591],[-81.975476,34.262635],[-81.975132,34.262635],[-81.974973,34.262668],[-81.974933,34.262701],[-81.974821,34.26269],[-81.974788,34.262613],[-81.974536,34.262438],[-81.974298,34.262416],[-81.974192,34.26235],[-81.974152,34.262273],[-81.974112,34.26224],[-81.973662,34.262053],[-81.973317,34.26185],[-81.973205,34.261866],[-81.973211,34.261899],[-81.973344,34.262015],[-81.973702,34.262251],[-81.974086,34.262603],[-81.974112,34.262658],[-81.974178,34.262713],[-81.974496,34.262767],[-81.974536,34.2628],[-81.974404,34.262833],[-81.974099,34.26279],[-81.973967,34.262691],[-81.973861,34.262669],[-81.973728,34.262603],[-81.973132,34.262169],[-81.972973,34.262158],[-81.972748,34.262026],[-81.972708,34.262059],[-81.972642,34.262257],[-81.972642,34.262312],[-81.972841,34.262433],[-81.97296,34.262543],[-81.972973,34.262598],[-81.972735,34.262515],[-81.972715,34.262537],[-81.972748,34.262587],[-81.973,34.262697],[-81.973172,34.262861],[-81.973344,34.263191],[-81.973384,34.263455],[-81.973358,34.26351],[-81.973312,34.263752],[-81.973391,34.26395],[-81.973497,34.264005],[-81.973881,34.263746],[-81.973974,34.263702],[-81.974311,34.263614],[-81.97451,34.26335],[-81.974602,34.263317],[-81.974616,34.263405],[-81.974523,34.263592],[-81.974497,34.263718],[-81.974523,34.26374],[-81.974662,34.263658],[-81.974742,34.263647],[-81.974867,34.263559],[-81.975145,34.263229],[-81.97537,34.263064],[-81.975569,34.263042],[-81.975781,34.26313],[-81.976549,34.263839],[-81.976609,34.263811],[-81.976569,34.263646],[-81.976662,34.263558],[-81.976662,34.263492],[-81.976602,34.263305],[-81.976867,34.263261],[-81.976933,34.263217],[-81.977026,34.263129],[-81.977039,34.263052],[-81.977092,34.262953],[-81.977052,34.262866],[-81.976721,34.262503],[-81.976681,34.262404],[-81.97676,34.262338],[-81.976873,34.262316],[-81.977052,34.262448],[-81.977184,34.262492],[-81.977555,34.262475],[-81.977754,34.262497],[-81.978681,34.262651],[-81.978787,34.262672],[-81.978866,34.262716],[-81.979012,34.262738],[-81.97925,34.262716],[-81.979594,34.262639],[-81.979899,34.262672],[-81.979965,34.262606],[-81.980031,34.262309],[-81.980163,34.262012],[-81.98019,34.261869],[-81.980163,34.261726],[-81.980044,34.261616],[-81.979938,34.261419],[-81.979938,34.261243],[-81.980004,34.261133],[-81.980296,34.26099],[-81.980627,34.260891],[-81.980759,34.260869],[-81.980918,34.260902],[-81.981163,34.261044],[-81.981209,34.260802],[-81.981315,34.260687],[-81.981619,34.260489],[-81.981765,34.260467],[-81.981937,34.260467],[-81.982083,34.2605],[-81.982401,34.260643],[-81.982493,34.260719],[-81.982586,34.260829],[-81.982811,34.261214],[-81.983024,34.261874],[-81.983236,34.262071],[-81.983805,34.2625],[-81.983832,34.262495],[-81.983845,34.262434],[-81.983805,34.26228],[-81.983699,34.262181],[-81.983686,34.262126],[-81.983712,34.262071],[-81.983712,34.261851],[-81.983686,34.261675],[-81.983659,34.26161],[-81.98358,34.261511],[-81.983553,34.261412],[-81.983659,34.26128],[-81.98358,34.261203],[-81.983579,34.26106],[-81.983685,34.260466],[-81.983817,34.260279],[-81.983989,34.260147],[-81.984056,34.260125],[-81.98444,34.260103],[-81.984691,34.259861],[-81.984771,34.259817],[-81.984916,34.259795],[-81.985102,34.2598],[-81.985525,34.259888],[-81.985618,34.259932],[-81.985804,34.259976],[-81.985896,34.260053],[-81.985976,34.260262],[-81.986029,34.260306],[-81.986095,34.260317],[-81.986161,34.260273],[-81.986241,34.260141],[-81.986346,34.260031],[-81.986479,34.259921],[-81.986571,34.259877],[-81.986889,34.259844],[-81.987114,34.259668],[-81.98722,34.259668],[-81.987459,34.259744],[-81.987564,34.259744],[-81.987631,34.259722],[-81.987803,34.259601],[-81.987895,34.259491],[-81.987922,34.259414],[-81.987922,34.259172],[-81.987975,34.259095],[-81.988067,34.259029],[-81.9881,34.25881],[-81.988206,34.258722],[-81.988438,34.258787],[-81.988484,34.258754],[-81.988511,34.2586],[-81.988564,34.258524],[-81.988815,34.258347],[-81.988921,34.25832],[-81.989053,34.258298],[-81.989199,34.258298],[-81.989702,34.258386],[-81.989821,34.258385],[-81.990073,34.258319],[-81.990192,34.258264],[-81.990629,34.257901],[-81.990867,34.257769],[-81.991304,34.257384],[-81.991608,34.25723],[-81.991754,34.257087],[-81.991919,34.25706],[-81.991979,34.257109],[-81.992059,34.257351],[-81.992045,34.257472],[-81.991966,34.257692],[-81.991966,34.257824],[-81.992006,34.257956],[-81.99198,34.25811],[-81.992006,34.258231],[-81.992543,34.258659],[-81.992675,34.258857],[-81.992702,34.259],[-81.992728,34.259044],[-81.992649,34.259594],[-81.992477,34.259934],[-81.992305,34.260154],[-81.992279,34.260407],[-81.992319,34.260572],[-81.992319,34.260671],[-81.992279,34.26088],[-81.992186,34.261056],[-81.992094,34.261166],[-81.99171,34.261419],[-81.991379,34.261727],[-81.991286,34.261848],[-81.990949,34.262541],[-81.990804,34.262706],[-81.990645,34.262816],[-81.990539,34.262948],[-81.990512,34.263245],[-81.990539,34.263432],[-81.990592,34.263553],[-81.990738,34.263486],[-81.990897,34.263245],[-81.991016,34.263178],[-81.991148,34.263036],[-81.991307,34.262903],[-81.991452,34.262826],[-81.991545,34.262749],[-81.991585,34.262683],[-81.991929,34.262419],[-81.992048,34.262265],[-81.992127,34.262111],[-81.992233,34.262023],[-81.992339,34.262001],[-81.992432,34.262012],[-81.992551,34.262078],[-81.99279,34.262298],[-81.992935,34.262485],[-81.993267,34.262793],[-81.993333,34.262886],[-81.993558,34.263051],[-81.993823,34.263018],[-81.993876,34.262974],[-81.993889,34.262919],[-81.993743,34.262391],[-81.993451,34.261732],[-81.993445,34.261435],[-81.993299,34.261204],[-81.993259,34.260665],[-81.993285,34.260467],[-81.993391,34.260247],[-81.993444,34.260203],[-81.993536,34.260038],[-81.993669,34.259862],[-81.993867,34.259686],[-81.993934,34.259664],[-81.994039,34.259664],[-81.994238,34.25973],[-81.994861,34.260038],[-81.995232,34.26029],[-81.99547,34.260488],[-81.995682,34.26073],[-81.995947,34.260983],[-81.996199,34.261158],[-81.996271,34.261158],[-81.996298,34.261131],[-81.996132,34.260851],[-81.996119,34.260697],[-81.996145,34.260598],[-81.996119,34.260543],[-81.995947,34.260378],[-81.995894,34.260235],[-81.995774,34.260015],[-81.995258,34.25951],[-81.995152,34.259444],[-81.994979,34.259389],[-81.994807,34.259268],[-81.994701,34.259114],[-81.994648,34.258993],[-81.994145,34.25851],[-81.994078,34.258367],[-81.994045,34.258136],[-81.994098,34.257993],[-81.994191,34.257905],[-81.99431,34.25774],[-81.994323,34.257663],[-81.994243,34.257564],[-81.994257,34.257454],[-81.994309,34.257333],[-81.994376,34.257256],[-81.994601,34.257102],[-81.994733,34.256959],[-81.994865,34.256541],[-81.994931,34.256431],[-81.99509,34.255981],[-81.995169,34.255871],[-81.995169,34.255673],[-81.995288,34.25553],[-81.995235,34.255354],[-81.995261,34.254837],[-81.995288,34.254738],[-81.995334,34.254705],[-81.995414,34.254683],[-81.995712,34.254727],[-81.995923,34.254815],[-81.996003,34.254881],[-81.996228,34.255188],[-81.99644,34.2557],[-81.996613,34.256205],[-81.996904,34.25648],[-81.996957,34.256557],[-81.997116,34.256711],[-81.997765,34.257139],[-81.998176,34.257447],[-81.998308,34.25748],[-81.998361,34.257436],[-81.998361,34.257348],[-81.998255,34.257084],[-81.998189,34.257007],[-81.998109,34.256853],[-81.998096,34.256699],[-81.99803,34.256556],[-81.997844,34.256369],[-81.997738,34.256216],[-81.997473,34.255699],[-81.997447,34.255622],[-81.99746,34.255413],[-81.997287,34.255204],[-81.997367,34.254995],[-81.997314,34.254929],[-81.997248,34.254919],[-81.997168,34.254864],[-81.997115,34.25471],[-81.997015,34.254215],[-81.997042,34.254039],[-81.996976,34.253973],[-81.99683,34.253962],[-81.99675,34.253896],[-81.996724,34.25383],[-81.996764,34.253687],[-81.99675,34.253621],[-81.996724,34.253512],[-81.996631,34.25338],[-81.996591,34.253281],[-81.996578,34.253061],[-81.996511,34.252885],[-81.996511,34.252489],[-81.996564,34.252324],[-81.99663,34.252225],[-81.996723,34.25217],[-81.996882,34.252192],[-81.997041,34.252159],[-81.997306,34.252236],[-81.997464,34.252258],[-81.997517,34.252225],[-81.997186,34.251928],[-81.99708,34.251796],[-81.997054,34.251686],[-81.99708,34.251444],[-81.99704,34.251323],[-81.996914,34.25117],[-81.996782,34.25106],[-81.996623,34.250994],[-81.996345,34.250774],[-81.996265,34.250593],[-81.996265,34.250384],[-81.996404,34.250136],[-81.996505,34.250096],[-81.996552,34.250041],[-81.996578,34.249942],[-81.996551,34.249733],[-81.996578,34.249667],[-81.996684,34.249557],[-81.996776,34.249524],[-81.99679,34.249458],[-81.996737,34.249414],[-81.996578,34.249359],[-81.996458,34.249271],[-81.996392,34.24915],[-81.996352,34.248985],[-81.996286,34.248875],[-81.996167,34.248744],[-81.99614,34.248568],[-81.996246,34.24848],[-81.996378,34.248458],[-81.996498,34.248468],[-81.996657,34.248534],[-81.996789,34.248556],[-81.997298,34.248303],[-81.997497,34.248248],[-81.997868,34.248248],[-81.997987,34.248204],[-81.998159,34.24805],[-81.998397,34.247984],[-81.998556,34.248006],[-81.998781,34.248192],[-81.998887,34.248225],[-81.999165,34.248181],[-81.999364,34.248186],[-81.99943,34.248208],[-81.999842,34.248485],[-82.000153,34.248699],[-82.000312,34.248732],[-82.000716,34.248892],[-82.001226,34.248969],[-82.001437,34.249057],[-82.001656,34.249079],[-82.001715,34.249024],[-82.001689,34.248936],[-82.001517,34.248738],[-82.001332,34.248414],[-82.001193,34.248287],[-82.001054,34.24821],[-82.000829,34.248166],[-82.000604,34.248067],[-82.000286,34.247842],[-81.999843,34.247688],[-81.998767,34.246983],[-81.998409,34.246818],[-81.998158,34.246675],[-81.997681,34.246302],[-81.997482,34.246049],[-81.997403,34.245906],[-81.997336,34.24573],[-81.99731,34.245445],[-81.997402,34.245093],[-81.997495,34.244994],[-81.997706,34.244851],[-81.997825,34.244828],[-81.997971,34.244828],[-81.998315,34.244883],[-81.998726,34.245004],[-81.998911,34.245103],[-81.999348,34.24541],[-81.999521,34.245454],[-81.999844,34.245494],[-81.99993,34.245505],[-82.000301,34.24545],[-82.000506,34.245483],[-82.000731,34.245583],[-82.001208,34.245913],[-82.001426,34.246012],[-82.001704,34.246089],[-82.001823,34.246155],[-82.002075,34.246386],[-82.002207,34.246419],[-82.002445,34.246391],[-82.002618,34.246243],[-82.002803,34.246122],[-82.003028,34.246023],[-82.003293,34.245946],[-82.003439,34.245881],[-82.003982,34.245562],[-82.004207,34.245452],[-82.004339,34.245408],[-82.004485,34.245309],[-82.004723,34.24509],[-82.004856,34.245057],[-82.004981,34.245084],[-82.005332,34.245255],[-82.005551,34.245315],[-82.005729,34.245321],[-82.005862,34.245299],[-82.006166,34.245167],[-82.006451,34.245096],[-82.006617,34.245079],[-82.006795,34.245112],[-82.006875,34.245189],[-82.006894,34.245376],[-82.006841,34.24553],[-82.006722,34.245766],[-82.006735,34.24581],[-82.006815,34.245893],[-82.007298,34.245921],[-82.00751,34.245954],[-82.00794,34.246091],[-82.008205,34.246201],[-82.00835,34.246311],[-82.008575,34.246526],[-82.008694,34.246773],[-82.008773,34.24707],[-82.008879,34.24718],[-82.00921,34.247224],[-82.009501,34.247312],[-82.009819,34.247554],[-82.010057,34.247631],[-82.010163,34.247686],[-82.010732,34.248247],[-82.010838,34.248374],[-82.011023,34.248748],[-82.011116,34.248863],[-82.011433,34.249133],[-82.011546,34.24927],[-82.011671,34.249512],[-82.011804,34.249875],[-82.011946,34.250134],[-82.011953,34.250213],[-82.012026,34.250317],[-82.012105,34.250389],[-82.012198,34.250499],[-82.012284,34.250669],[-82.012522,34.251351],[-82.012601,34.251549],[-82.012693,34.251681],[-82.012746,34.251846],[-82.012746,34.251956],[-82.01272,34.252033],[-82.012667,34.252088],[-82.012614,34.252121],[-82.012455,34.252165],[-82.011846,34.252186],[-82.011753,34.252219],[-82.011528,34.252318],[-82.011276,34.252527],[-82.011038,34.25267],[-82.010905,34.252725],[-82.010733,34.252758],[-82.010588,34.252758],[-82.009965,34.252669],[-82.009767,34.252669],[-82.00925,34.252713],[-82.008734,34.252856],[-82.008615,34.252911],[-82.008389,34.253054],[-82.00837,34.253125],[-82.008654,34.253054],[-82.008946,34.253021],[-82.009118,34.253021],[-82.009277,34.253043],[-82.00966,34.253175],[-82.010402,34.253263],[-82.010495,34.253296],[-82.010561,34.253362],[-82.010613,34.253483],[-82.0106,34.253549],[-82.010521,34.253692],[-82.010123,34.254099],[-82.009951,34.254307],[-82.009885,34.254417],[-82.009818,34.254681],[-82.009911,34.254692],[-82.010096,34.254604],[-82.010534,34.25433],[-82.010785,34.254099],[-82.01113,34.253714],[-82.011673,34.253286],[-82.011858,34.253176],[-82.012083,34.25311],[-82.012256,34.253088],[-82.012375,34.253121],[-82.012481,34.253209],[-82.012547,34.253308],[-82.012639,34.253517],[-82.012772,34.25366],[-82.012917,34.253913],[-82.012917,34.254122],[-82.012784,34.25432],[-82.011632,34.255309],[-82.011539,34.25543],[-82.011499,34.255518],[-82.011499,34.255572],[-82.011552,34.255682],[-82.011711,34.255781],[-82.012518,34.255903],[-82.012823,34.255969],[-82.012902,34.256013],[-82.01318,34.256101],[-82.013352,34.256189],[-82.013472,34.25631],[-82.013472,34.256376],[-82.013432,34.25642],[-82.01314,34.256574],[-82.012981,34.256694],[-82.012942,34.256771],[-82.013041,34.256848],[-82.013478,34.25697],[-82.014034,34.257234],[-82.014245,34.257289],[-82.014431,34.257454],[-82.014457,34.25764],[-82.014431,34.25775],[-82.014351,34.257827],[-82.014245,34.257882],[-82.014007,34.257926],[-82.013358,34.258113],[-82.013159,34.258278],[-82.013225,34.258355],[-82.013477,34.25841],[-82.013781,34.258564],[-82.0139,34.258652],[-82.014033,34.258817],[-82.014046,34.259048],[-82.014019,34.259257],[-82.013953,34.259432],[-82.013833,34.259663],[-82.013489,34.260081],[-82.01329,34.260224],[-82.013091,34.260301],[-82.012919,34.260312],[-82.012284,34.260256],[-82.012244,34.2603],[-82.012376,34.260377],[-82.012522,34.260531],[-82.012389,34.260663],[-82.011992,34.260773],[-82.011515,34.260828],[-82.011224,34.260894],[-82.010946,34.260916],[-82.010774,34.260948],[-82.01035,34.261179],[-82.009794,34.2613],[-82.009595,34.261377],[-82.009529,34.261432],[-82.009568,34.261476],[-82.009833,34.261465],[-82.01035,34.261366],[-82.01076,34.261333],[-82.011568,34.261487],[-82.011714,34.261531],[-82.011978,34.261729],[-82.012071,34.261719],[-82.01215,34.261664],[-82.012349,34.261576],[-82.01264,34.261499],[-82.013104,34.261477],[-82.013302,34.261532],[-82.013448,34.261642],[-82.013713,34.261961],[-82.013885,34.26223],[-82.013938,34.262346],[-82.013911,34.262445],[-82.013858,34.2625],[-82.013739,34.262698],[-82.013434,34.262863],[-82.013288,34.262972],[-82.013262,34.263038],[-82.013368,34.263236],[-82.013368,34.263313],[-82.013209,34.263412],[-82.013129,34.263489],[-82.013049,34.263742],[-82.01293,34.263984],[-82.012851,34.264028],[-82.012731,34.264061],[-82.012175,34.264082],[-82.012043,34.264148],[-82.012109,34.264214],[-82.012413,34.264302],[-82.012533,34.264357],[-82.012665,34.2645],[-82.012691,34.264566],[-82.012678,34.264709],[-82.012704,34.264918],[-82.012903,34.265182],[-82.012916,34.265303],[-82.012903,34.265424],[-82.012836,34.265545],[-82.012691,34.265732],[-82.012571,34.26582],[-82.012452,34.265842],[-82.012373,34.26582],[-82.01228,34.265765],[-82.012055,34.265556],[-82.011936,34.265402],[-82.01187,34.265259],[-82.011764,34.265127],[-82.011565,34.265],[-82.011552,34.265028],[-82.011698,34.265215],[-82.011764,34.265391],[-82.011803,34.265621],[-82.011764,34.265709],[-82.011538,34.265863],[-82.011393,34.265907],[-82.010876,34.265951],[-82.010664,34.265918],[-82.010267,34.265775],[-82.010042,34.265753],[-82.009949,34.265808],[-82.009777,34.265841],[-82.009724,34.265884],[-82.00979,34.265939],[-82.010227,34.265984],[-82.010426,34.266039],[-82.010545,34.266138],[-82.010651,34.266325],[-82.010691,34.266358],[-82.010902,34.266391],[-82.011445,34.266424],[-82.011697,34.26649],[-82.011975,34.266633],[-82.01212,34.266677],[-82.012518,34.266853],[-82.012676,34.266952],[-82.012849,34.267117],[-82.012954,34.267348],[-82.012954,34.267502],[-82.012901,34.267744],[-82.012795,34.267931],[-82.012397,34.268238],[-82.011854,34.268513],[-82.011338,34.268722],[-82.010848,34.268864],[-82.010662,34.268952],[-82.010463,34.269007],[-82.010278,34.269029],[-82.009722,34.268963],[-82.009007,34.268754],[-82.008636,34.268787],[-82.008451,34.268775],[-82.007948,34.268577],[-82.007749,34.268566],[-82.007392,34.268511],[-82.0071,34.268434],[-82.006538,34.268209],[-82.006557,34.268324],[-82.006663,34.268412],[-82.006849,34.268522],[-82.006968,34.268555],[-82.007299,34.268731],[-82.007788,34.269072],[-82.008172,34.269182],[-82.008397,34.269336],[-82.00849,34.269358],[-82.008755,34.269479],[-82.0089,34.2696],[-82.009271,34.269787],[-82.009575,34.270062],[-82.009615,34.270128],[-82.009589,34.270304],[-82.009496,34.27048],[-82.009231,34.270843],[-82.009111,34.271074],[-82.008998,34.271601],[-82.008945,34.271744],[-82.008826,34.271876],[-82.008733,34.271898],[-82.008243,34.271931],[-82.007992,34.271865],[-82.007753,34.271744],[-82.007488,34.271788],[-82.00725,34.271744],[-82.007144,34.27171],[-82.007104,34.271677],[-82.007025,34.271666],[-82.006985,34.27171],[-82.006998,34.271765],[-82.007131,34.271864],[-82.007912,34.272217],[-82.008296,34.272481],[-82.008388,34.272569],[-82.008402,34.272646],[-82.008375,34.272701],[-82.008322,34.272733],[-82.008004,34.27281],[-82.007819,34.272931],[-82.00758,34.273041],[-82.007289,34.273063],[-82.006891,34.273162],[-82.006693,34.273272],[-82.006308,34.273546],[-82.005686,34.274085],[-82.005301,34.274304],[-82.005182,34.274337],[-82.004997,34.274359],[-82.004745,34.274359],[-82.004573,34.274227],[-82.00448,34.274095],[-82.004414,34.27404],[-82.004348,34.274051],[-82.004215,34.274139],[-82.004043,34.27415],[-82.003884,34.274238],[-82.003712,34.274271],[-82.00358,34.27437],[-82.003632,34.274491],[-82.003593,34.274524],[-82.003288,34.274633],[-82.003089,34.274743],[-82.002851,34.275018],[-82.002758,34.275073],[-82.002592,34.27504],[-82.002493,34.27504],[-82.002122,34.275249],[-82.001778,34.275402],[-82.001473,34.275611],[-82.00134,34.275743],[-82.00134,34.275765],[-82.00142,34.275765],[-82.001777,34.275523],[-82.002003,34.275501],[-82.002467,34.275172],[-82.002586,34.27515],[-82.002625,34.275205],[-82.002625,34.27526],[-82.002519,34.275436],[-82.002519,34.275535],[-82.002572,34.275546],[-82.00285,34.27526],[-82.002983,34.27515],[-82.003076,34.275106],[-82.003327,34.27504],[-82.0035,34.275018],[-82.003685,34.274963],[-82.004056,34.27492],[-82.004493,34.274964],[-82.004771,34.274964],[-82.004904,34.274931],[-82.005142,34.274821],[-82.005844,34.274623],[-82.006043,34.274525],[-82.00648,34.274349],[-82.006891,34.274118],[-82.007023,34.274096],[-82.007129,34.274129],[-82.007261,34.274261],[-82.007288,34.274316],[-82.007327,34.274558],[-82.007367,34.274646],[-82.00742,34.274701],[-82.007559,34.274756],[-82.00787,34.274921],[-82.007923,34.274861],[-82.007804,34.274305],[-82.007897,34.274174],[-82.008016,34.274064],[-82.008334,34.273811],[-82.00852,34.273723],[-82.008652,34.273712],[-82.00905,34.273734],[-82.009527,34.273679],[-82.009672,34.273625],[-82.009858,34.273432],[-82.010176,34.273031],[-82.01121,34.272075],[-82.011382,34.271833],[-82.011461,34.271646],[-82.011581,34.271503],[-82.011793,34.271437],[-82.011965,34.271295],[-82.012117,34.271218],[-82.012144,34.271229],[-82.012137,34.271295],[-82.012005,34.271427],[-82.011925,34.271536],[-82.011912,34.271646],[-82.011971,34.271679],[-82.012044,34.271636],[-82.013403,34.270064],[-82.013761,34.26969],[-82.014158,34.269228],[-82.014251,34.269075],[-82.014291,34.269042],[-82.014344,34.268899],[-82.014384,34.268679],[-82.014437,34.268547],[-82.014476,34.268514],[-82.014715,34.268481],[-82.0149,34.268498],[-82.01498,34.26852],[-82.015085,34.26863],[-82.015059,34.268729],[-82.014767,34.268987],[-82.014555,34.269339],[-82.014449,34.269426],[-82.014277,34.269503],[-82.014145,34.269602],[-82.014092,34.269679],[-82.013071,34.270789],[-82.01274,34.271196],[-82.012561,34.271372],[-82.012415,34.27157],[-82.01215,34.272185],[-82.01211,34.272482],[-82.012149,34.272845],[-82.012162,34.273219],[-82.012136,34.273329],[-82.012069,34.27345],[-82.01191,34.273625],[-82.011791,34.273702],[-82.011487,34.273812],[-82.011129,34.273845],[-82.011049,34.273889],[-82.011049,34.273944],[-82.011168,34.274032],[-82.012241,34.274065],[-82.012413,34.274098],[-82.012572,34.274164],[-82.012758,34.274318],[-82.01285,34.274461],[-82.012956,34.274692],[-82.013062,34.275088],[-82.013128,34.275231],[-82.013154,34.275418],[-82.013128,34.275495],[-82.013061,34.275572],[-82.013061,34.275726],[-82.013021,34.275759],[-82.012902,34.275797],[-82.012889,34.27588],[-82.01314,34.276495],[-82.013226,34.27655],[-82.013657,34.276177],[-82.013882,34.276023],[-82.014068,34.275935],[-82.014187,34.275908],[-82.014425,34.275886],[-82.014756,34.27593],[-82.014862,34.275963],[-82.015008,34.276073],[-82.015061,34.27615],[-82.015061,34.276205],[-82.015034,34.27626],[-82.014875,34.276348],[-82.014782,34.276424],[-82.014756,34.2766],[-82.014796,34.27671],[-82.015034,34.277007],[-82.015086,34.27737],[-82.015192,34.277447],[-82.015881,34.277634],[-82.016358,34.277799],[-82.016583,34.277997],[-82.016675,34.278019],[-82.016795,34.277997],[-82.016914,34.277942],[-82.01702,34.277943],[-82.017073,34.277964],[-82.017218,34.278096],[-82.017245,34.278151],[-82.017218,34.27869],[-82.017284,34.278844],[-82.017416,34.279031],[-82.01743,34.27913],[-82.017403,34.279185],[-82.017297,34.279251],[-82.016926,34.279361],[-82.016714,34.279383],[-82.016449,34.27935],[-82.016145,34.278976],[-82.016013,34.278866],[-82.015827,34.278756],[-82.015576,34.278668],[-82.015337,34.278679],[-82.015311,34.278744],[-82.015681,34.278888],[-82.015787,34.278943],[-82.015907,34.279042],[-82.015973,34.279173],[-82.016025,34.27947],[-82.016012,34.279525],[-82.016039,34.279679],[-82.016158,34.2798],[-82.016197,34.279877],[-82.016171,34.28013],[-82.016131,34.28024],[-82.016025,34.280405],[-82.01576,34.280713],[-82.015693,34.280922],[-82.015495,34.281174],[-82.015336,34.281317],[-82.015137,34.281449],[-82.014938,34.281515],[-82.014806,34.281515],[-82.014614,34.281416],[-82.014541,34.281471],[-82.014739,34.281845],[-82.014752,34.281922],[-82.014699,34.282065],[-82.014143,34.282416],[-82.013798,34.28268],[-82.013533,34.282856],[-82.013387,34.282999],[-82.013374,34.283109],[-82.013427,34.283328],[-82.013414,34.283416],[-82.013347,34.283515],[-82.012605,34.284092],[-82.012499,34.28429],[-82.012459,34.284642],[-82.012406,34.284741],[-82.0123,34.284818],[-82.012128,34.284851],[-82.011916,34.284829],[-82.011611,34.284741],[-82.011426,34.284741],[-82.01136,34.284763],[-82.011201,34.284883],[-82.011095,34.284993],[-82.011055,34.285081],[-82.011028,34.285323],[-82.010975,34.285488],[-82.010895,34.285642],[-82.01065,34.285818],[-82.010293,34.286015],[-82.010173,34.286114],[-82.010041,34.286257],[-82.010014,34.286312],[-82.010014,34.286378],[-82.010041,34.286378],[-82.010557,34.286005],[-82.010862,34.285884],[-82.011021,34.28573],[-82.01136,34.284949],[-82.011439,34.28485],[-82.011492,34.284829],[-82.011585,34.284829],[-82.012154,34.285016],[-82.01234,34.284994],[-82.012485,34.284895],[-82.012578,34.284763],[-82.012711,34.284411],[-82.012738,34.284285],[-82.012791,34.284235],[-82.012883,34.284351],[-82.012936,34.284461],[-82.013016,34.284472],[-82.013267,34.284252],[-82.01344,34.284142],[-82.013705,34.284109],[-82.013824,34.284142],[-82.013903,34.284208],[-82.013943,34.284274],[-82.013943,34.284351],[-82.013784,34.284659],[-82.013757,34.284758],[-82.01377,34.284835],[-82.013863,34.284912],[-82.014022,34.284978],[-82.014273,34.285176],[-82.014353,34.285198],[-82.014208,34.284351],[-82.014221,34.284109],[-82.014341,34.283472],[-82.014407,34.283373],[-82.014566,34.282988],[-82.014858,34.282691],[-82.01503,34.282614],[-82.015308,34.282582],[-82.015573,34.282516],[-82.015997,34.282538],[-82.016116,34.282483],[-82.016222,34.282373],[-82.016554,34.281746],[-82.01662,34.281571],[-82.01666,34.281527],[-82.016686,34.281428],[-82.016952,34.280955],[-82.017124,34.280768],[-82.01727,34.280669],[-82.017362,34.280636],[-82.01768,34.28068],[-82.018024,34.280966],[-82.018091,34.281043],[-82.01813,34.281142],[-82.018249,34.281219],[-82.018461,34.281252],[-82.018845,34.281516],[-82.018964,34.281527],[-82.018951,34.281417],[-82.018845,34.281263],[-82.018766,34.281076],[-82.018607,34.280889],[-82.018554,34.280769],[-82.018568,34.28034],[-82.018515,34.280142],[-82.018475,34.280065],[-82.018502,34.279867],[-82.018528,34.279812],[-82.018661,34.279713],[-82.01886,34.27968],[-82.019071,34.279713],[-82.019575,34.279845],[-82.019813,34.279856],[-82.019747,34.279757],[-82.019442,34.279537],[-82.019323,34.27934],[-82.019191,34.279208],[-82.019072,34.279175],[-82.019006,34.27912],[-82.019006,34.279043],[-82.019032,34.278977],[-82.019377,34.278526],[-82.019417,34.278427],[-82.01943,34.278284],[-82.019377,34.278152],[-82.019284,34.278053],[-82.019285,34.277954],[-82.019351,34.277888],[-82.019841,34.277548],[-82.020199,34.277328],[-82.020503,34.277174],[-82.020596,34.277097],[-82.020689,34.276954],[-82.020782,34.276899],[-82.020914,34.276899],[-82.021099,34.276965],[-82.021629,34.277339],[-82.021735,34.277394],[-82.022092,34.277691],[-82.022159,34.277768],[-82.022185,34.277878],[-82.022145,34.277955],[-82.022013,34.278065],[-82.021973,34.278136],[-82.022039,34.278197],[-82.022251,34.27823],[-82.022503,34.278417],[-82.022675,34.278472],[-82.022794,34.278549],[-82.022834,34.278637],[-82.02282,34.278692],[-82.022701,34.278835],[-82.022728,34.278901],[-82.023244,34.278846],[-82.023403,34.278769],[-82.023522,34.278747],[-82.023814,34.278824],[-82.024045,34.27878],[-82.024237,34.278769],[-82.024317,34.278813],[-82.024383,34.27889],[-82.024502,34.279226],[-82.024833,34.279451],[-82.024939,34.279561],[-82.024992,34.279649],[-82.025018,34.279737],[-82.025005,34.279847],[-82.024965,34.279957],[-82.024819,34.280199],[-82.024819,34.280254],[-82.024872,34.280276],[-82.025071,34.280232],[-82.02523,34.280232],[-82.025336,34.280265],[-82.025455,34.280375],[-82.025521,34.280463],[-82.025693,34.280826],[-82.025733,34.280859],[-82.025826,34.281089],[-82.025892,34.281177],[-82.025945,34.281309],[-82.025998,34.281353],[-82.026051,34.28132],[-82.02609,34.281265],[-82.026144,34.28087],[-82.026197,34.28076],[-82.026223,34.28054],[-82.026144,34.280133],[-82.026118,34.279847],[-82.026144,34.279748],[-82.026197,34.279671],[-82.026197,34.279616],[-82.026091,34.27944],[-82.026091,34.279352],[-82.026144,34.279309],[-82.02633,34.27933],[-82.026396,34.279374],[-82.026528,34.279572],[-82.026614,34.279611],[-82.02678,34.279627],[-82.026859,34.279671],[-82.026939,34.279836],[-82.026992,34.279902],[-82.027256,34.280133],[-82.027283,34.280199],[-82.027415,34.28032],[-82.027548,34.280397],[-82.027918,34.280496],[-82.028302,34.280639],[-82.028475,34.28065],[-82.028567,34.280727],[-82.028713,34.280914],[-82.028799,34.280958],[-82.028859,34.280925],[-82.028925,34.280826],[-82.029018,34.280585],[-82.029058,34.28053],[-82.02919,34.280431],[-82.029283,34.280431],[-82.029349,34.280458],[-82.029415,34.280535],[-82.029547,34.280898],[-82.029653,34.281085],[-82.030103,34.281547],[-82.030355,34.281899],[-82.030421,34.28202],[-82.030461,34.282185],[-82.030461,34.28236],[-82.030421,34.282547],[-82.030368,34.282646],[-82.030195,34.282822],[-82.029931,34.282987],[-82.029493,34.283075],[-82.028924,34.282992],[-82.028911,34.283031],[-82.029043,34.283152],[-82.029334,34.283295],[-82.029613,34.283372],[-82.029983,34.283416],[-82.030102,34.283504],[-82.030116,34.28357],[-82.030169,34.283625],[-82.030235,34.283746],[-82.030407,34.284185],[-82.030446,34.284482],[-82.030499,34.284702],[-82.030539,34.285153],[-82.030499,34.285758],[-82.030472,34.285824],[-82.03038,34.285945],[-82.030181,34.286131],[-82.030154,34.286252],[-82.030167,34.286329],[-82.03034,34.286472],[-82.030445,34.286615],[-82.030419,34.286868],[-82.030313,34.287209],[-82.030253,34.28766],[-82.030279,34.287967],[-82.030438,34.288297],[-82.030438,34.288385],[-82.030372,34.288473],[-82.030107,34.288627],[-82.029855,34.288825],[-82.029828,34.28888],[-82.029736,34.288979],[-82.029497,34.289122],[-82.029444,34.28921],[-82.029484,34.289452],[-82.02947,34.289572],[-82.02951,34.289606],[-82.029576,34.289617],[-82.029735,34.289573],[-82.029974,34.28943],[-82.030232,34.289155],[-82.030398,34.289133],[-82.030464,34.289144],[-82.030504,34.289177],[-82.030623,34.28943],[-82.030663,34.289463],[-82.030769,34.289518],[-82.030981,34.289584],[-82.031179,34.289595],[-82.031245,34.289661],[-82.031219,34.289837],[-82.031086,34.289914],[-82.031073,34.290035],[-82.031099,34.290232],[-82.031205,34.290595],[-82.031443,34.291255],[-82.031417,34.291673],[-82.031509,34.292069],[-82.031642,34.292387],[-82.031681,34.292563],[-82.031655,34.292651],[-82.031708,34.292684],[-82.031946,34.292717],[-82.032198,34.292827],[-82.032317,34.292926],[-82.032595,34.293223],[-82.032926,34.293487],[-82.033138,34.293685],[-82.033297,34.293938],[-82.033509,34.29418],[-82.033641,34.294488],[-82.033535,34.294675],[-82.03323,34.294971],[-82.032846,34.295246],[-82.032819,34.295334],[-82.032885,34.295356],[-82.033124,34.295356],[-82.033256,34.295378],[-82.033402,34.295433],[-82.033588,34.295543],[-82.033826,34.295763],[-82.033905,34.295884],[-82.034011,34.296126],[-82.034077,34.296181],[-82.034329,34.296225],[-82.034501,34.296324],[-82.034594,34.296214],[-82.034707,34.296121],[-82.034872,34.296126],[-82.035078,34.296181],[-82.035124,34.296115],[-82.035151,34.295895],[-82.035217,34.295752],[-82.035349,34.295588],[-82.035535,34.295401],[-82.035654,34.294983],[-82.03588,34.29478],[-82.035813,34.294697],[-82.035641,34.294664],[-82.035548,34.294609],[-82.035257,34.294499],[-82.034992,34.294466],[-82.034793,34.294488],[-82.034581,34.294433],[-82.034436,34.294356],[-82.034264,34.294224],[-82.034092,34.293993],[-82.034065,34.293872],[-82.034092,34.293575],[-82.034171,34.2934],[-82.034198,34.29329],[-82.034171,34.293059],[-82.034211,34.292993],[-82.034185,34.292872],[-82.034132,34.292795],[-82.033999,34.292696],[-82.033814,34.292674],[-82.033708,34.292707],[-82.033536,34.292729],[-82.03335,34.292707],[-82.033032,34.292564],[-82.032926,34.292498],[-82.032357,34.292267],[-82.032225,34.292179],[-82.032172,34.29208],[-82.032145,34.291915],[-82.032158,34.291794],[-82.032291,34.291464],[-82.032278,34.291299],[-82.032212,34.291057],[-82.032252,34.29098],[-82.032391,34.290865],[-82.032371,34.290717],[-82.032291,34.290629],[-82.032265,34.290519],[-82.032278,34.290464],[-82.032345,34.290387],[-82.032384,34.290277],[-82.032371,34.290233],[-82.032106,34.290024],[-82.031868,34.289892],[-82.03159,34.289782],[-82.031577,34.289606],[-82.031616,34.289562],[-82.031749,34.289529],[-82.031802,34.289485],[-82.031828,34.289331],[-82.031895,34.289221],[-82.032093,34.289155],[-82.032438,34.2891],[-82.032504,34.289056],[-82.032517,34.289012],[-82.032478,34.288935],[-82.032279,34.288771],[-82.032253,34.288716],[-82.032292,34.288463],[-82.032239,34.288331],[-82.032292,34.288221],[-82.032319,34.28777],[-82.032372,34.287539],[-82.032631,34.287275],[-82.032737,34.287121],[-82.032763,34.287044],[-82.032763,34.286847],[-82.032697,34.286583],[-82.032512,34.286121],[-82.032485,34.285967],[-82.032499,34.285758],[-82.032539,34.28556],[-82.032579,34.284868],[-82.032552,34.28467],[-82.03246,34.284439],[-82.032248,34.284219],[-82.032009,34.28412],[-82.031625,34.283999],[-82.031347,34.283878],[-82.031188,34.283746],[-82.031149,34.283614],[-82.031162,34.283504],[-82.031242,34.28335],[-82.031387,34.283229],[-82.031493,34.283196],[-82.031732,34.283196],[-82.032156,34.283152],[-82.032328,34.283163],[-82.032473,34.283207],[-82.032632,34.283229],[-82.032752,34.283207],[-82.032904,34.283032],[-82.033123,34.282988],[-82.033176,34.282955],[-82.033215,34.282889],[-82.033242,34.282779],[-82.033321,34.282658],[-82.03352,34.282438],[-82.033533,34.282361],[-82.033467,34.282295],[-82.033308,34.282262],[-82.033189,34.282262],[-82.032408,34.282526],[-82.032249,34.282526],[-82.032103,34.282427],[-82.031944,34.282152],[-82.031746,34.281756],[-82.031746,34.281569],[-82.031785,34.28147],[-82.031878,34.281415],[-82.032024,34.28136],[-82.032368,34.281272],[-82.032448,34.281272],[-82.032673,34.281349],[-82.032845,34.281371],[-82.032991,34.28136],[-82.033084,34.281284],[-82.03315,34.281185],[-82.033243,34.280965],[-82.033322,34.280877],[-82.033375,34.280789],[-82.033335,34.280756],[-82.03315,34.280811],[-82.032792,34.281009],[-82.032726,34.28102],[-82.032594,34.281009],[-82.032448,34.280943],[-82.032263,34.280888],[-82.03217,34.280888],[-82.031971,34.280954],[-82.031773,34.280942],[-82.031627,34.280909],[-82.031428,34.280777],[-82.031163,34.280656],[-82.030965,34.28047],[-82.030938,34.280338],[-82.030965,34.280173],[-82.031031,34.279986],[-82.031098,34.279909],[-82.031164,34.279766],[-82.031217,34.2797],[-82.03127,34.279546],[-82.03127,34.27948],[-82.03123,34.279447],[-82.031098,34.279447],[-82.030806,34.279634],[-82.030541,34.279755],[-82.03029,34.27981],[-82.029826,34.279711],[-82.02968,34.279634],[-82.029495,34.279579],[-82.029257,34.27954],[-82.028767,34.279562],[-82.028581,34.279529],[-82.028449,34.279452],[-82.028409,34.279397],[-82.028383,34.279265],[-82.028383,34.279122],[-82.028409,34.278891],[-82.028343,34.278891],[-82.028197,34.279078],[-82.028065,34.27921],[-82.028012,34.279232],[-82.02784,34.279243],[-82.027681,34.27921],[-82.027389,34.278979],[-82.027284,34.278858],[-82.027191,34.27866],[-82.027078,34.278561],[-82.026979,34.278682],[-82.026886,34.278715],[-82.026542,34.278627],[-82.02635,34.278539],[-82.025589,34.278264],[-82.025522,34.278209],[-82.025496,34.27811],[-82.025496,34.277967],[-82.025443,34.277912],[-82.025324,34.277857],[-82.025178,34.277824],[-82.0249,34.277846],[-82.024781,34.277835],[-82.024609,34.277714],[-82.024582,34.277593],[-82.024649,34.277417],[-82.025033,34.277076],[-82.025166,34.276692],[-82.025272,34.276505],[-82.025404,34.276406],[-82.025576,34.276351],[-82.025788,34.276318],[-82.025854,34.276285],[-82.026226,34.275911],[-82.026808,34.275516],[-82.026967,34.275351],[-82.026967,34.275296],[-82.026809,34.275307],[-82.026438,34.275526],[-82.025802,34.27579],[-82.025457,34.275812],[-82.025351,34.275955],[-82.025047,34.276131],[-82.024636,34.276494],[-82.024543,34.276603],[-82.024384,34.276702],[-82.024305,34.276735],[-82.024132,34.276768],[-82.024027,34.276768],[-82.023881,34.276724],[-82.023576,34.276471],[-82.023325,34.276064],[-82.023285,34.275921],[-82.023299,34.275866],[-82.023444,34.275658],[-82.023444,34.275537],[-82.023325,34.275361],[-82.023233,34.27546],[-82.023047,34.275581],[-82.022915,34.275591],[-82.022557,34.275492],[-82.022213,34.275437],[-82.021961,34.275415],[-82.02167,34.275448],[-82.021392,34.275404],[-82.020372,34.275305],[-82.019657,34.275085],[-82.019485,34.275008],[-82.019313,34.274887],[-82.019326,34.274799],[-82.019419,34.2747],[-82.01983,34.274502],[-82.020426,34.27426],[-82.020624,34.274151],[-82.020677,34.274096],[-82.020677,34.274019],[-82.020638,34.273986],[-82.020346,34.273986],[-82.020029,34.27404],[-82.019287,34.274227],[-82.018797,34.274282],[-82.01824,34.27426],[-82.018134,34.274238],[-82.018042,34.274183],[-82.017976,34.274128],[-82.017962,34.274007],[-82.018069,34.273721],[-82.018214,34.273523],[-82.018387,34.273358],[-82.018665,34.272996],[-82.018864,34.272776],[-82.018811,34.272721],[-82.018692,34.272754],[-82.018586,34.272831],[-82.017857,34.273237],[-82.017751,34.273314],[-82.017393,34.273479],[-82.017221,34.273523],[-82.01697,34.273512],[-82.016784,34.273435],[-82.016692,34.273347],[-82.016559,34.273154],[-82.016427,34.272896],[-82.016083,34.272621],[-82.016017,34.272599],[-82.015858,34.272467],[-82.015765,34.272357],[-82.015725,34.272258],[-82.015699,34.272016],[-82.015752,34.271763],[-82.015805,34.271697],[-82.015911,34.27162],[-82.016017,34.271565],[-82.016163,34.271521],[-82.016891,34.271412],[-82.016958,34.271357],[-82.016454,34.271302],[-82.016176,34.271225],[-82.015971,34.271115],[-82.01572,34.270906],[-82.015627,34.270972],[-82.015521,34.271136],[-82.015408,34.271202],[-82.015216,34.271235],[-82.015071,34.271224],[-82.014793,34.271103],[-82.01462,34.270971],[-82.014528,34.270867],[-82.014462,34.270757],[-82.014435,34.270614],[-82.014528,34.270383],[-82.014515,34.270306],[-82.014436,34.270229],[-82.014409,34.270152],[-82.014423,34.269976],[-82.014555,34.26974],[-82.014992,34.269091],[-82.015125,34.268937],[-82.015205,34.268883],[-82.015522,34.268839],[-82.015562,34.268784],[-82.015443,34.268553],[-82.015443,34.268476],[-82.015364,34.26841],[-82.015205,34.268366],[-82.015112,34.268289],[-82.014993,34.268113],[-82.01494,34.267981],[-82.014887,34.267744],[-82.014901,34.267536],[-82.014994,34.267162],[-82.01506,34.267002],[-82.015113,34.266936],[-82.015179,34.266882],[-82.015272,34.266849],[-82.015961,34.266904],[-82.01604,34.266849],[-82.01604,34.266794],[-82.015789,34.266519],[-82.015657,34.2662],[-82.015657,34.266112],[-82.01567,34.266035],[-82.015723,34.265958],[-82.016054,34.265793],[-82.016147,34.265574],[-82.016067,34.265497],[-82.015909,34.265408],[-82.01571,34.265233],[-82.015538,34.265199],[-82.014995,34.265139],[-82.014916,34.265084],[-82.014916,34.265029],[-82.015234,34.264837],[-82.015578,34.264562],[-82.015631,34.264474],[-82.015671,34.264144],[-82.01579,34.264012],[-82.016055,34.263869],[-82.01632,34.263782],[-82.017009,34.263639],[-82.018069,34.262957],[-82.018029,34.262925],[-82.01783,34.262869],[-82.017513,34.262847],[-82.017367,34.262814],[-82.017142,34.26266],[-82.017155,34.262408],[-82.017354,34.261902],[-82.017633,34.261484],[-82.017792,34.261286],[-82.018096,34.26099],[-82.018216,34.260847],[-82.018322,34.260682],[-82.018375,34.260539],[-82.018361,34.260456],[-82.018282,34.260385],[-82.018229,34.260374],[-82.017925,34.260473],[-82.017766,34.260495],[-82.017699,34.260495],[-82.017613,34.260412],[-82.017647,34.260286],[-82.017779,34.26011],[-82.018216,34.259626],[-82.018203,34.25956],[-82.018097,34.259395],[-82.018031,34.259241],[-82.017978,34.259043],[-82.018005,34.258604],[-82.018098,34.258043],[-82.018085,34.257076],[-82.018152,34.256625],[-82.018179,34.256526],[-82.018285,34.256306],[-82.01847,34.256053],[-82.018675,34.255877],[-82.018848,34.255866],[-82.019212,34.256053],[-82.019304,34.256053],[-82.019463,34.256009],[-82.019662,34.255988],[-82.020006,34.256087],[-82.020257,34.256219],[-82.020496,34.256373],[-82.020734,34.256593],[-82.020959,34.256901],[-82.021025,34.257043],[-82.021065,34.257197],[-82.021025,34.257714],[-82.020892,34.258286],[-82.020918,34.25833],[-82.021051,34.258286],[-82.021236,34.258264],[-82.021514,34.25833],[-82.021766,34.258363],[-82.022481,34.258506],[-82.022706,34.258583],[-82.022812,34.258638],[-82.023023,34.258814],[-82.023506,34.259408],[-82.023672,34.259441],[-82.023791,34.259441],[-82.023831,34.259474],[-82.023168,34.25998],[-82.023129,34.26009],[-82.023155,34.260134],[-82.023221,34.260178],[-82.023407,34.260178],[-82.024519,34.259375],[-82.024665,34.259353],[-82.024771,34.25948],[-82.024572,34.259661],[-82.023724,34.26031],[-82.023685,34.260365],[-82.023631,34.261134],[-82.023552,34.261255],[-82.023406,34.261409],[-82.022823,34.261914],[-82.022638,34.262013],[-82.022518,34.262101],[-82.022558,34.262134],[-82.022677,34.262145],[-82.02277,34.262211],[-82.022823,34.262222],[-82.022968,34.262189],[-82.023114,34.262211],[-82.023538,34.26242],[-82.023604,34.262409],[-82.023697,34.262333],[-82.023843,34.262102],[-82.023975,34.261948],[-82.024094,34.261871],[-82.024293,34.261838],[-82.024399,34.261849],[-82.024518,34.261871],[-82.02469,34.261948],[-82.024889,34.262058],[-82.025206,34.262289],[-82.025365,34.262333],[-82.025577,34.262311],[-82.025776,34.262322],[-82.025935,34.262366],[-82.026186,34.262454],[-82.026504,34.262652],[-82.026702,34.262927],[-82.026795,34.263158],[-82.026795,34.263389],[-82.026755,34.263444],[-82.026649,34.263521],[-82.02649,34.263576],[-82.026371,34.263653],[-82.026252,34.263784],[-82.026238,34.263872],[-82.026384,34.264037],[-82.026424,34.264136],[-82.02641,34.264213],[-82.026278,34.2644],[-82.025953,34.264636],[-82.02551,34.264774],[-82.025271,34.264796],[-82.025165,34.264867],[-82.025337,34.26506],[-82.025443,34.26528],[-82.025416,34.265499],[-82.025337,34.265686],[-82.02535,34.265752],[-82.02543,34.265752],[-82.025827,34.265423],[-82.025907,34.265379],[-82.025959,34.265368],[-82.026079,34.26539],[-82.026291,34.265489],[-82.02643,34.265478],[-82.026688,34.265192],[-82.02682,34.265082],[-82.027059,34.264961],[-82.027681,34.264763],[-82.0278,34.264752],[-82.02792,34.264785],[-82.028092,34.264939],[-82.028131,34.265005],[-82.028171,34.265214],[-82.028211,34.265533],[-82.028211,34.26572],[-82.028171,34.266061],[-82.028197,34.266171],[-82.028303,34.266325],[-82.028316,34.26638],[-82.028289,34.266874],[-82.028329,34.267017],[-82.028402,34.267061],[-82.028634,34.266424],[-82.028873,34.266039],[-82.029018,34.265896],[-82.029137,34.26583],[-82.02927,34.265808],[-82.029349,34.26583],[-82.029468,34.26594],[-82.029508,34.266094],[-82.029521,34.266237],[-82.029468,34.266699],[-82.029468,34.266864],[-82.029507,34.267249],[-82.029547,34.267402],[-82.029633,34.267446],[-82.029719,34.267304],[-82.029759,34.267051],[-82.029852,34.266864],[-82.029932,34.266787],[-82.030024,34.266732],[-82.03013,34.266677],[-82.030329,34.266611],[-82.030448,34.2666],[-82.03062,34.266622],[-82.030991,34.26671],[-82.031163,34.266721],[-82.031825,34.266831],[-82.032236,34.26698],[-82.032302,34.266936],[-82.032209,34.266848],[-82.031931,34.266716],[-82.031256,34.266303],[-82.031084,34.266171],[-82.030952,34.266039],[-82.030766,34.265776],[-82.030541,34.265578],[-82.030118,34.265347],[-82.029853,34.265138],[-82.029734,34.264995],[-82.029694,34.264863],[-82.029694,34.264808],[-82.029774,34.264753],[-82.02984,34.264742],[-82.030171,34.264764],[-82.030383,34.264819],[-82.030595,34.264896],[-82.030925,34.265116],[-82.031309,34.265226],[-82.031746,34.265259],[-82.032356,34.26521],[-82.032488,34.265232],[-82.03262,34.265287],[-82.032965,34.265188],[-82.033044,34.265188],[-82.033137,34.26521],[-82.033256,34.265309],[-82.033349,34.265441],[-82.033415,34.265496],[-82.033587,34.265463],[-82.033984,34.26532],[-82.034315,34.265232],[-82.034488,34.265232],[-82.034713,34.265287],[-82.034832,34.265408],[-82.034845,34.265463],[-82.034818,34.265595],[-82.034779,34.265639],[-82.034726,34.265793],[-82.034659,34.265892],[-82.034553,34.266134],[-82.034514,34.266409],[-82.03454,34.266595],[-82.034633,34.266859],[-82.034699,34.266991],[-82.034805,34.267068],[-82.034897,34.267046],[-82.035043,34.266892],[-82.035109,34.266771],[-82.035401,34.266475],[-82.035507,34.266409],[-82.035586,34.266398],[-82.035639,34.266409],[-82.035772,34.266519],[-82.035811,34.266607],[-82.035851,34.267079],[-82.03593,34.267145],[-82.036116,34.266936],[-82.036169,34.266673],[-82.036228,34.266491],[-82.036354,34.266332],[-82.036553,34.266178],[-82.036765,34.265969],[-82.036844,34.265947],[-82.037083,34.26598],[-82.037242,34.266024],[-82.037553,34.266167],[-82.037771,34.266321],[-82.037837,34.266398],[-82.03789,34.266574],[-82.03789,34.267058],[-82.037917,34.267212],[-82.037996,34.267476],[-82.038075,34.26752],[-82.038115,34.267509],[-82.038168,34.26741],[-82.038208,34.267146],[-82.038327,34.266794],[-82.03838,34.266717],[-82.038499,34.266618],[-82.038579,34.266574],[-82.038804,34.266563],[-82.039148,34.266673],[-82.039267,34.266739],[-82.03944,34.266904],[-82.039492,34.266981],[-82.039611,34.267575],[-82.039651,34.267883],[-82.039704,34.268069],[-82.039797,34.268125],[-82.040114,34.268147],[-82.04022,34.268191],[-82.040313,34.268267],[-82.040379,34.268421],[-82.040353,34.268597],[-82.0403,34.268663],[-82.040154,34.268773],[-82.040021,34.268817],[-82.039916,34.268883],[-82.039929,34.26896],[-82.040061,34.269092],[-82.040114,34.269246],[-82.040127,34.269576],[-82.040101,34.26984],[-82.040008,34.270082],[-82.039836,34.270334],[-82.039716,34.270411],[-82.039418,34.270411],[-82.039385,34.270444],[-82.039451,34.270648],[-82.039312,34.270752],[-82.039074,34.270829],[-82.038862,34.27095],[-82.03861,34.271016],[-82.038425,34.271038],[-82.038306,34.271093],[-82.038187,34.271203],[-82.038067,34.27128],[-82.037723,34.271466],[-82.037511,34.271554],[-82.037326,34.271675],[-82.037206,34.271928],[-82.037167,34.271972],[-82.036835,34.272181],[-82.036822,34.272258],[-82.037365,34.272214],[-82.037908,34.272082],[-82.038186,34.27206],[-82.038425,34.272126],[-82.038557,34.272258],[-82.03861,34.272401],[-82.038636,34.272511],[-82.038663,34.273039],[-82.038729,34.273083],[-82.038795,34.273028],[-82.038848,34.272885],[-82.038914,34.27261],[-82.038941,34.27239],[-82.038981,34.27228],[-82.039034,34.271939],[-82.039074,34.271829],[-82.039193,34.271632],[-82.039511,34.271346],[-82.040795,34.270917],[-82.040882,34.270923],[-82.040954,34.270994],[-82.041007,34.271148],[-82.041073,34.27161],[-82.041113,34.27172],[-82.041206,34.271775],[-82.041299,34.271654],[-82.041325,34.271456],[-82.041378,34.271346],[-82.041484,34.271214],[-82.04159,34.270983],[-82.04159,34.270862],[-82.04155,34.270741],[-82.041273,34.270335],[-82.041253,34.270247],[-82.041226,34.269972],[-82.041306,34.269807],[-82.041531,34.26951],[-82.041637,34.269301],[-82.04169,34.269235],[-82.041756,34.268927],[-82.041849,34.268718],[-82.041995,34.268587],[-82.042088,34.268543],[-82.042299,34.26851],[-82.042419,34.268532],[-82.042697,34.26873],[-82.042975,34.268796],[-82.043703,34.268884],[-82.044087,34.269005],[-82.044445,34.26917],[-82.04463,34.269324],[-82.044736,34.269444],[-82.044828,34.269642],[-82.045199,34.270082],[-82.045285,34.270269],[-82.045338,34.270324],[-82.045351,34.270379],[-82.04559,34.270764],[-82.045642,34.270907],[-82.045669,34.271138],[-82.045589,34.271424],[-82.045444,34.271566],[-82.045311,34.27161],[-82.04502,34.271654],[-82.044755,34.271742],[-82.044642,34.271836],[-82.044675,34.271885],[-82.04498,34.271907],[-82.045152,34.271962],[-82.045311,34.272116],[-82.045338,34.272292],[-82.045311,34.27238],[-82.044967,34.272732],[-82.044927,34.272803],[-82.04494,34.272831],[-82.045139,34.272897],[-82.045337,34.273007],[-82.045496,34.272996],[-82.045682,34.272853],[-82.045967,34.272424],[-82.046185,34.272171],[-82.046437,34.272006],[-82.046543,34.271995],[-82.046662,34.272017],[-82.046834,34.272138],[-82.047178,34.272567],[-82.047271,34.272787],[-82.047258,34.27293],[-82.047165,34.273095],[-82.046979,34.273282],[-82.04694,34.27337],[-82.046966,34.273491],[-82.047046,34.2736],[-82.047085,34.273732],[-82.047032,34.273908],[-82.046913,34.274167],[-82.046794,34.274304],[-82.046728,34.274348],[-82.046661,34.274359],[-82.04641,34.274315],[-82.046198,34.274205],[-82.046132,34.274194],[-82.046039,34.274227],[-82.045973,34.274304],[-82.046012,34.274348],[-82.046171,34.274359],[-82.046251,34.274425],[-82.046383,34.274623],[-82.046674,34.274821],[-82.046767,34.274931],[-82.046846,34.275096],[-82.046886,34.275415],[-82.046913,34.275481],[-82.047005,34.275568],[-82.047072,34.27559],[-82.047177,34.275689],[-82.047164,34.275766],[-82.047005,34.275865],[-82.046502,34.275997],[-82.046422,34.276074],[-82.046436,34.276096],[-82.046754,34.276096],[-82.047151,34.276162],[-82.04727,34.276206],[-82.047442,34.276322],[-82.047522,34.276421],[-82.047522,34.276509],[-82.047429,34.276608],[-82.046965,34.276899],[-82.046449,34.277284],[-82.046197,34.277437],[-82.045945,34.277514],[-82.045839,34.277591],[-82.045508,34.277635],[-82.045323,34.277679],[-82.045005,34.277811],[-82.044833,34.27791],[-82.045018,34.277954],[-82.045442,34.277932],[-82.045495,34.277943],[-82.045601,34.278009],[-82.045746,34.278031],[-82.045813,34.278031],[-82.046038,34.277965],[-82.046263,34.277965],[-82.046356,34.278053],[-82.046356,34.278416],[-82.046435,34.278416],[-82.046568,34.278339],[-82.046713,34.278284],[-82.047071,34.278246],[-82.047283,34.278125],[-82.047389,34.278103],[-82.047455,34.278125],[-82.047574,34.278246],[-82.04772,34.27874],[-82.047733,34.279015],[-82.047706,34.279213],[-82.047574,34.279433],[-82.047534,34.279466],[-82.047481,34.279576],[-82.047428,34.279873],[-82.047388,34.27995],[-82.047123,34.280137],[-82.04707,34.280346],[-82.046978,34.280401],[-82.046872,34.280422],[-82.046832,34.280455],[-82.046832,34.280565],[-82.046739,34.280708],[-82.046699,34.280851],[-82.046461,34.281104],[-82.046474,34.281148],[-82.04654,34.281148],[-82.046871,34.280895],[-82.04707,34.280697],[-82.047262,34.280664],[-82.047295,34.280642],[-82.047348,34.280489],[-82.047388,34.280456],[-82.047401,34.2804],[-82.047481,34.280324],[-82.047746,34.280148],[-82.047958,34.280027],[-82.048051,34.279994],[-82.048117,34.280005],[-82.048368,34.28017],[-82.04854,34.280258],[-82.048951,34.280417],[-82.048938,34.280335],[-82.048805,34.280214],[-82.048342,34.279939],[-82.048223,34.27984],[-82.048183,34.279719],[-82.048183,34.279587],[-82.048329,34.279213],[-82.048713,34.278444],[-82.048846,34.278235],[-82.049097,34.277993],[-82.049177,34.277949],[-82.049296,34.277894],[-82.049508,34.277872],[-82.049746,34.277927],[-82.049852,34.278004],[-82.049905,34.27807],[-82.049971,34.278224],[-82.050011,34.27862],[-82.050064,34.278807],[-82.05013,34.278883],[-82.050223,34.278938],[-82.050421,34.278961],[-82.050965,34.278906],[-82.051057,34.278928],[-82.051163,34.279043],[-82.05119,34.279169],[-82.051084,34.279356],[-82.050885,34.279609],[-82.050898,34.279686],[-82.05107,34.279708],[-82.051203,34.279675],[-82.051759,34.279389],[-82.051971,34.279356],[-82.05209,34.279356],[-82.052289,34.279389],[-82.052448,34.279455],[-82.052567,34.279554],[-82.05262,34.279631],[-82.052699,34.27984],[-82.05266,34.280038],[-82.052686,34.28017],[-82.052633,34.280324],[-82.052567,34.280687],[-82.052514,34.280808],[-82.052514,34.280967],[-82.052792,34.280841],[-82.052871,34.280841],[-82.053043,34.280951],[-82.053096,34.280918],[-82.05315,34.280544],[-82.053256,34.280258],[-82.053322,34.28017],[-82.053428,34.280082],[-82.053626,34.280027],[-82.053865,34.280027],[-82.054077,34.28006],[-82.054249,34.280115],[-82.054606,34.280324],[-82.054779,34.280357],[-82.054991,34.280346],[-82.055123,34.280379],[-82.055269,34.280445],[-82.055467,34.280643],[-82.055534,34.280797],[-82.05552,34.281181],[-82.055586,34.281247],[-82.055798,34.281357],[-82.055917,34.281478],[-82.055944,34.281555],[-82.055944,34.28172],[-82.055917,34.281874],[-82.055639,34.282105],[-82.0556,34.28216],[-82.055599,34.282336],[-82.055652,34.282534],[-82.055652,34.282677],[-82.055586,34.282919],[-82.055533,34.283007],[-82.055401,34.283182],[-82.055295,34.283281],[-82.055109,34.283402],[-82.05495,34.283468],[-82.054752,34.283611],[-82.054659,34.283754],[-82.054619,34.283897],[-82.054659,34.283941],[-82.054712,34.28393],[-82.054831,34.283787],[-82.055162,34.283556],[-82.055281,34.283501],[-82.05552,34.283435],[-82.055745,34.283325],[-82.055877,34.283238],[-82.055997,34.283106],[-82.056209,34.282776],[-82.056328,34.282655],[-82.056421,34.282468],[-82.056527,34.282347],[-82.056593,34.282303],[-82.056884,34.282281],[-82.057003,34.282248],[-82.057202,34.282127],[-82.057295,34.282039],[-82.057388,34.281896],[-82.057401,34.28183],[-82.057719,34.281121],[-82.057772,34.281072],[-82.057891,34.281105],[-82.057951,34.281154],[-82.057268,34.282765],[-82.057268,34.28282],[-82.057719,34.283161],[-82.057904,34.283347],[-82.05805,34.283556],[-82.058089,34.283743],[-82.058089,34.283875],[-82.05805,34.284007],[-82.057983,34.284095],[-82.057877,34.284183],[-82.057944,34.284348],[-82.05805,34.284491],[-82.05797,34.284953],[-82.057904,34.285128],[-82.057824,34.285216],[-82.057731,34.285282],[-82.057665,34.285304],[-82.057374,34.285326],[-82.057387,34.285392],[-82.057652,34.28559],[-82.057705,34.285689],[-82.057652,34.285854],[-82.05748,34.286151],[-82.0574,34.286349],[-82.0574,34.286536],[-82.057427,34.286635],[-82.057506,34.286712],[-82.057586,34.286745],[-82.057605,34.286838],[-82.057718,34.286855],[-82.057745,34.286899],[-82.057718,34.286976],[-82.057665,34.287009],[-82.057705,34.287074],[-82.057652,34.287151],[-82.057665,34.287217],[-82.057784,34.287195],[-82.057917,34.287107],[-82.058102,34.286679],[-82.0585,34.285623],[-82.058632,34.285359],[-82.058831,34.285052],[-82.058963,34.284777],[-82.059003,34.284733],[-82.059122,34.284458],[-82.059361,34.284227],[-82.059507,34.28404],[-82.059639,34.283776],[-82.059798,34.283688],[-82.05993,34.283655],[-82.060315,34.283413],[-82.060897,34.283226],[-82.06107,34.283226],[-82.061215,34.283248],[-82.061573,34.283347],[-82.061626,34.283391],[-82.061705,34.283413],[-82.061798,34.283479],[-82.061864,34.283501],[-82.062076,34.283666],[-82.062142,34.283743],[-82.062248,34.284051],[-82.062341,34.284216],[-82.062394,34.284271],[-82.062738,34.284502],[-82.063175,34.28465],[-82.063387,34.284848],[-82.063454,34.28498],[-82.06348,34.285211],[-82.06344,34.28531],[-82.063348,34.285376],[-82.063202,34.285387],[-82.062963,34.285354],[-82.062785,34.285359],[-82.062751,34.285414],[-82.063136,34.285761],[-82.063215,34.285859],[-82.063295,34.286123],[-82.063275,34.286349],[-82.06344,34.286464],[-82.063506,34.286541],[-82.063546,34.286629],[-82.063506,34.286849],[-82.063453,34.286937],[-82.063016,34.287454],[-82.062871,34.287663],[-82.062844,34.287739],[-82.062831,34.28786],[-82.06287,34.287981],[-82.063215,34.288377],[-82.063241,34.288476],[-82.063175,34.288553],[-82.062599,34.288663],[-82.062579,34.288685],[-82.062765,34.288806],[-82.062831,34.288872],[-82.06291,34.289081],[-82.06295,34.289136],[-82.063268,34.289103],[-82.063334,34.289125],[-82.063519,34.289312],[-82.063572,34.289433],[-82.063586,34.289532],[-82.063559,34.290004],[-82.063506,34.290202],[-82.063427,34.290257],[-82.063003,34.290329],[-82.063096,34.290422],[-82.063201,34.290598],[-82.063307,34.290851],[-82.063334,34.291093],[-82.063307,34.291214],[-82.063215,34.291324],[-82.063109,34.29139],[-82.06291,34.291434],[-82.062433,34.291467],[-82.062208,34.291456],[-82.062023,34.291489],[-82.062109,34.291566],[-82.062301,34.29161],[-82.062493,34.291697],[-82.062612,34.291785],[-82.062744,34.29195],[-82.062731,34.292203],[-82.062559,34.292599],[-82.06244,34.292731],[-82.062307,34.292808],[-82.062003,34.292896],[-82.061804,34.292995],[-82.061618,34.29316],[-82.061433,34.293369],[-82.061175,34.293544],[-82.061115,34.293577],[-82.060757,34.293676],[-82.060492,34.293687],[-82.060347,34.293665],[-82.060161,34.293589],[-82.059923,34.293413],[-82.059711,34.293413],[-82.059525,34.293374],[-82.059313,34.293308],[-82.059247,34.293308],[-82.059194,34.293363],[-82.059287,34.293495],[-82.059327,34.293638],[-82.059274,34.293825],[-82.059194,34.293902],[-82.059088,34.293924],[-82.058797,34.293935],[-82.058717,34.293957],[-82.058572,34.2941],[-82.058333,34.294177],[-82.058293,34.294221],[-82.05832,34.29438],[-82.058307,34.294408],[-82.058201,34.294408],[-82.058081,34.294331],[-82.057922,34.294298],[-82.05771,34.29432],[-82.057631,34.294364],[-82.057658,34.294408],[-82.05779,34.294441],[-82.058042,34.294584],[-82.058161,34.294595],[-82.05832,34.294573],[-82.058783,34.294364],[-82.059062,34.294265],[-82.059366,34.294193],[-82.059737,34.293984],[-82.059843,34.293973],[-82.059896,34.294028],[-82.059936,34.294116],[-82.059949,34.294237],[-82.060174,34.294369],[-82.06036,34.294402],[-82.060585,34.294479],[-82.060731,34.294633],[-82.060784,34.294831],[-82.060731,34.295095],[-82.060532,34.295567],[-82.060439,34.296139],[-82.060399,34.296843],[-82.060346,34.297184],[-82.060214,34.29759],[-82.060148,34.297733],[-82.060042,34.297887],[-82.060061,34.297975],[-82.060307,34.297953],[-82.060359,34.298008],[-82.060148,34.298162],[-82.060108,34.298294],[-82.060002,34.298415],[-82.060055,34.298459],[-82.060121,34.298448],[-82.060293,34.298272],[-82.060413,34.298217],[-82.060598,34.298173],[-82.060757,34.298162],[-82.06085,34.298184],[-82.060942,34.298261],[-82.060982,34.298316],[-82.061009,34.298415],[-82.060995,34.29858],[-82.061022,34.298679],[-82.061287,34.298954],[-82.061406,34.299481],[-82.061459,34.299635],[-82.061538,34.299701],[-82.061631,34.299712],[-82.061697,34.299756],[-82.061803,34.299866],[-82.061909,34.299877],[-82.061949,34.299811],[-82.061896,34.299624],[-82.061909,34.299437],[-82.061976,34.299437],[-82.062055,34.299525],[-82.062121,34.299701],[-82.062201,34.300229],[-82.06228,34.300416],[-82.062406,34.30052],[-82.062426,34.300449],[-82.062399,34.300229],[-82.06228,34.299613],[-82.062293,34.299185],[-82.062121,34.298613],[-82.062055,34.298239],[-82.061989,34.298008],[-82.061711,34.297634],[-82.061658,34.29736],[-82.061645,34.296183],[-82.061777,34.296084],[-82.061751,34.296007],[-82.061711,34.295963],[-82.061684,34.295864],[-82.061976,34.295293],[-82.062055,34.295062],[-82.062029,34.29482],[-82.061963,34.294644],[-82.061949,34.294545],[-82.061989,34.294303],[-82.062029,34.294226],[-82.062188,34.294072],[-82.062267,34.293896],[-82.062327,34.293852],[-82.062373,34.293841],[-82.062665,34.293907],[-82.062771,34.293907],[-82.062837,34.293863],[-82.06289,34.293797],[-82.06293,34.293698],[-82.062989,34.293643],[-82.063208,34.29361],[-82.063248,34.293566],[-82.063287,34.293445],[-82.063367,34.293379],[-82.063605,34.293325],[-82.063705,34.293242],[-82.063685,34.293149],[-82.063499,34.292918],[-82.063446,34.292819],[-82.063433,34.292709],[-82.06346,34.292632],[-82.063539,34.292533],[-82.063711,34.292368],[-82.063778,34.292236],[-82.06387,34.292148],[-82.06399,34.292071],[-82.064162,34.292038],[-82.064321,34.29206],[-82.064612,34.292269],[-82.064758,34.292346],[-82.065725,34.2925],[-82.065857,34.292566],[-82.065977,34.292665],[-82.066063,34.292687],[-82.066215,34.292599],[-82.066334,34.292577],[-82.06648,34.292577],[-82.066652,34.292621],[-82.066831,34.292709],[-82.06691,34.292687],[-82.066659,34.292489],[-82.066473,34.29239],[-82.066169,34.292335],[-82.065943,34.292236],[-82.065559,34.292104],[-82.065188,34.291939],[-82.06487,34.291741],[-82.064698,34.291598],[-82.064619,34.291477],[-82.064579,34.291368],[-82.064553,34.291159],[-82.064579,34.29095],[-82.064672,34.290719],[-82.064857,34.290521],[-82.064751,34.290378],[-82.064725,34.29029],[-82.064738,34.290224],[-82.064857,34.289971],[-82.064937,34.28918],[-82.064963,34.288465],[-82.065043,34.288289],[-82.065096,34.288245],[-82.065175,34.288234],[-82.065228,34.288245],[-82.065374,34.288388],[-82.06544,34.28863],[-82.065533,34.288806],[-82.065652,34.288905],[-82.065851,34.289004],[-82.066712,34.289234],[-82.067467,34.289377],[-82.067811,34.289465],[-82.068606,34.289707],[-82.068752,34.289773],[-82.068964,34.289971],[-82.069122,34.290169],[-82.069228,34.290268],[-82.069864,34.290729],[-82.07005,34.290982],[-82.070368,34.291301],[-82.070553,34.291444],[-82.070672,34.29151],[-82.070778,34.291499],[-82.070818,34.291466],[-82.070977,34.291235],[-82.071401,34.290784],[-82.07148,34.290784],[-82.071692,34.290977],[-82.071494,34.291235],[-82.071427,34.291356],[-82.071295,34.291752],[-82.071242,34.292104],[-82.071216,34.292543],[-82.071255,34.292906],[-82.071335,34.293093],[-82.07152,34.293379],[-82.072143,34.293852],[-82.072236,34.293983],[-82.072693,34.294423],[-82.072825,34.294577],[-82.073103,34.295006],[-82.073156,34.295193],[-82.073209,34.295523],[-82.073209,34.296182],[-82.073183,34.296688],[-82.073236,34.297194],[-82.073276,34.297315],[-82.073501,34.297611],[-82.073567,34.297897],[-82.073488,34.298172],[-82.073355,34.298436],[-82.073289,34.298524],[-82.073037,34.298755],[-82.072984,34.298881],[-82.072892,34.29937],[-82.072892,34.299513],[-82.072945,34.299557],[-82.073011,34.299546],[-82.073077,34.299502],[-82.073408,34.299206],[-82.073859,34.298942],[-82.073978,34.298909],[-82.07409,34.299002],[-82.074177,34.298964],[-82.074177,34.298865],[-82.074124,34.298678],[-82.07415,34.298469],[-82.074415,34.297765],[-82.074468,34.297677],[-82.074521,34.29749],[-82.074521,34.297413],[-82.074468,34.297237],[-82.074415,34.297182],[-82.074282,34.297095],[-82.074123,34.297051],[-82.074004,34.296963],[-82.073978,34.296875],[-82.073938,34.296292],[-82.073911,34.296226],[-82.073911,34.296061],[-82.074004,34.295995],[-82.074123,34.295973],[-82.074256,34.295995],[-82.074534,34.296292],[-82.074812,34.296512],[-82.074892,34.296545],[-82.075514,34.296611],[-82.075832,34.296677],[-82.075912,34.29672],[-82.076124,34.296792],[-82.076336,34.296902],[-82.076839,34.297385],[-82.077025,34.297748],[-82.077356,34.298089],[-82.077594,34.298287],[-82.077727,34.29832],[-82.077965,34.298342],[-82.078243,34.298408],[-82.078469,34.298485],[-82.078694,34.298616],[-82.078972,34.298847],[-82.07929,34.299155],[-82.079409,34.29932],[-82.079476,34.299485],[-82.079476,34.299672],[-82.079423,34.299815],[-82.079304,34.300029],[-82.079158,34.300222],[-82.078827,34.300529],[-82.078509,34.300738],[-82.07827,34.30087],[-82.078138,34.300986],[-82.078171,34.301046],[-82.078456,34.300892],[-82.078827,34.300782],[-82.079211,34.300727],[-82.079343,34.30065],[-82.079489,34.300507],[-82.079727,34.300408],[-82.080006,34.300079],[-82.080118,34.299991],[-82.080377,34.299958],[-82.080456,34.299979],[-82.080642,34.300166],[-82.080867,34.300331],[-82.081317,34.300441],[-82.081754,34.300705],[-82.082178,34.300859],[-82.082417,34.30109],[-82.082695,34.301298],[-82.082934,34.301408],[-82.083318,34.301551],[-82.083437,34.301617],[-82.083742,34.301903],[-82.083821,34.302002],[-82.083888,34.302255],[-82.083874,34.302518],[-82.083808,34.302738],[-82.083808,34.302804],[-82.083881,34.302837],[-82.08398,34.302661],[-82.08406,34.302584],[-82.084166,34.30254],[-82.084259,34.30254],[-82.08459,34.302628],[-82.08504,34.302694],[-82.085212,34.302738],[-82.085319,34.302815],[-82.085411,34.302925],[-82.085491,34.303112],[-82.085517,34.303431],[-82.085478,34.30387],[-82.085306,34.304178],[-82.085292,34.304277],[-82.085372,34.304772],[-82.085412,34.304871],[-82.085504,34.305399],[-82.085611,34.305783],[-82.085677,34.306135],[-82.085677,34.306333],[-82.085624,34.306432],[-82.085571,34.306476],[-82.085425,34.306531],[-82.085306,34.30663],[-82.085293,34.306674],[-82.085319,34.306729],[-82.085412,34.306806],[-82.085492,34.307092],[-82.085518,34.307422],[-82.085558,34.307531],[-82.085585,34.307729],[-82.085532,34.308246],[-82.085439,34.308422],[-82.085333,34.308719],[-82.085161,34.308961],[-82.08475,34.309236],[-82.084432,34.309335],[-82.084273,34.309335],[-82.084035,34.309126],[-82.083915,34.309082],[-82.083584,34.309049],[-82.083452,34.309005],[-82.083346,34.308994],[-82.082948,34.308851],[-82.082696,34.308675],[-82.082537,34.308445],[-82.082418,34.308346],[-82.082027,34.308082],[-82.081981,34.308071],[-82.081915,34.308104],[-82.081928,34.308159],[-82.081994,34.308225],[-82.082153,34.308467],[-82.082233,34.308654],[-82.082246,34.308752],[-82.082219,34.308895],[-82.082167,34.308972],[-82.081994,34.309082],[-82.081146,34.309335],[-82.080828,34.309368],[-82.080762,34.309358],[-82.080563,34.309303],[-82.080404,34.309204],[-82.080166,34.308962],[-82.080007,34.308742],[-82.079954,34.308698],[-82.079888,34.308698],[-82.079821,34.308753],[-82.079755,34.309259],[-82.079623,34.309457],[-82.079411,34.309611],[-82.079106,34.30971],[-82.07851,34.309974],[-82.078258,34.310051],[-82.077993,34.310095],[-82.077795,34.310281],[-82.077543,34.310413],[-82.077238,34.310468],[-82.076827,34.310469],[-82.07688,34.310524],[-82.077291,34.3106],[-82.077503,34.3106],[-82.077662,34.310567],[-82.077901,34.310446],[-82.078417,34.310325],[-82.079027,34.31027],[-82.079265,34.31027],[-82.079861,34.310325],[-82.080073,34.310215],[-82.080365,34.310094],[-82.08059,34.310116],[-82.080895,34.310193],[-82.081398,34.310193],[-82.081584,34.310226],[-82.081703,34.310314],[-82.081716,34.310369],[-82.08169,34.310556],[-82.081531,34.310907],[-82.081504,34.311006],[-82.081319,34.31138],[-82.081107,34.311545],[-82.08063,34.311655],[-82.080418,34.311787],[-82.080378,34.311831],[-82.080418,34.311864],[-82.080855,34.311985],[-82.080975,34.312095],[-82.080988,34.312183],[-82.080723,34.313019],[-82.080326,34.313656],[-82.0801,34.313909],[-82.079902,34.314052],[-82.079743,34.314052],[-82.079438,34.314019],[-82.079292,34.31403],[-82.079199,34.314118],[-82.079054,34.314481],[-82.078948,34.314646],[-82.078842,34.314723],[-82.078749,34.314745],[-82.078484,34.314723],[-82.078325,34.314679],[-82.078153,34.314657],[-82.077822,34.314558],[-82.077662,34.314481],[-82.077451,34.314327],[-82.077292,34.31413],[-82.077225,34.313976],[-82.077152,34.313943],[-82.077159,34.314196],[-82.077239,34.314349],[-82.07753,34.314723],[-82.077557,34.314789],[-82.07753,34.314943],[-82.077424,34.315108],[-82.077225,34.315526],[-82.07704,34.31568],[-82.076801,34.31579],[-82.075609,34.316175],[-82.075503,34.316257],[-82.075463,34.316384],[-82.075357,34.316472],[-82.075264,34.316516],[-82.074946,34.316571],[-82.074854,34.316626],[-82.074913,34.316692],[-82.074927,34.316763],[-82.075331,34.316713],[-82.075463,34.316736],[-82.075794,34.316911],[-82.075927,34.317065],[-82.076033,34.31723],[-82.076113,34.317527],[-82.076086,34.317714],[-82.075861,34.318],[-82.075609,34.318264],[-82.075516,34.318407],[-82.07541,34.318846],[-82.07541,34.319077],[-82.075437,34.319231],[-82.075516,34.319407],[-82.075735,34.31966],[-82.075974,34.319869],[-82.076404,34.320056],[-82.076424,34.320105],[-82.076318,34.320144],[-82.076265,34.320209],[-82.076636,34.32055],[-82.077047,34.320737],[-82.077339,34.320946],[-82.077551,34.320858],[-82.077663,34.320841],[-82.077935,34.3211],[-82.078015,34.321243],[-82.078028,34.321441],[-82.078001,34.321594],[-82.077948,34.321671],[-82.077882,34.322023],[-82.077763,34.3221],[-82.077498,34.322166],[-82.077405,34.322166],[-82.077233,34.322034],[-82.077153,34.322045],[-82.0771,34.322221],[-82.076928,34.322474],[-82.076955,34.322601],[-82.077087,34.322771],[-82.077087,34.322892],[-82.077061,34.322991],[-82.076849,34.323442],[-82.076849,34.323552],[-82.076822,34.323629],[-82.076782,34.323684],[-82.076663,34.323761],[-82.076544,34.323783],[-82.076186,34.323772],[-82.076146,34.323805],[-82.07616,34.32386],[-82.076279,34.324003],[-82.076319,34.324079],[-82.076319,34.324189],[-82.076292,34.324244],[-82.076107,34.324431],[-82.075895,34.324585],[-82.075802,34.324695],[-82.075749,34.324827],[-82.075683,34.324915],[-82.075603,34.32508],[-82.07555,34.325135],[-82.075404,34.325377],[-82.075285,34.325509],[-82.075153,34.32552],[-82.074994,34.325498],[-82.074874,34.325454],[-82.074755,34.325443],[-82.074238,34.325465],[-82.073721,34.32541],[-82.07339,34.325355],[-82.073059,34.325333],[-82.072953,34.325311],[-82.072701,34.325201],[-82.072569,34.325179],[-82.072555,34.325256],[-82.072622,34.325366],[-82.072608,34.325487],[-82.072569,34.325531],[-82.072357,34.325663],[-82.072304,34.325729],[-82.072211,34.326015],[-82.072145,34.326136],[-82.071999,34.326301],[-82.071601,34.326587],[-82.071389,34.326895],[-82.071283,34.327005],[-82.071164,34.327213],[-82.071124,34.327378],[-82.071151,34.327477],[-82.071244,34.327543],[-82.071376,34.327565],[-82.071403,34.327609],[-82.071124,34.327763],[-82.070819,34.32817],[-82.070753,34.328566],[-82.070554,34.328962],[-82.070554,34.329039],[-82.0707,34.328962],[-82.070939,34.328731],[-82.071005,34.328577],[-82.071031,34.328335],[-82.071071,34.328236],[-82.071177,34.32806],[-82.07131,34.327895],[-82.072039,34.327345],[-82.07237,34.327059],[-82.072953,34.326675],[-82.073284,34.326499],[-82.073483,34.326455],[-82.07404,34.326465],[-82.074106,34.326433],[-82.07453,34.326114],[-82.074676,34.326081],[-82.074874,34.326125],[-82.07498,34.326202],[-82.075073,34.326213],[-82.075285,34.326157],[-82.075418,34.326081],[-82.075524,34.326059],[-82.075815,34.326091],[-82.076041,34.326058],[-82.07612,34.326003],[-82.076213,34.325981],[-82.07661,34.326003],[-82.076783,34.32597],[-82.076809,34.326014],[-82.076783,34.326113],[-82.076451,34.326487],[-82.076385,34.32663],[-82.076359,34.326806],[-82.076412,34.327125],[-82.076452,34.327213],[-82.076465,34.327378],[-82.076372,34.327587],[-82.076293,34.327697],[-82.076266,34.327883],[-82.076279,34.327938],[-82.076319,34.327971],[-82.076425,34.327927],[-82.076597,34.327795],[-82.07673,34.327609],[-82.076849,34.327488],[-82.076968,34.327411],[-82.077074,34.327268],[-82.077074,34.327026],[-82.077035,34.326773],[-82.077048,34.326674],[-82.077088,34.326619],[-82.077339,34.326454],[-82.077432,34.326366],[-82.077657,34.326212],[-82.077816,34.326168],[-82.077856,34.326201],[-82.077843,34.326498],[-82.077856,34.326542],[-82.077916,34.326575],[-82.078254,34.3263],[-82.078373,34.326234],[-82.078916,34.326124],[-82.07934,34.326151],[-82.079658,34.326239],[-82.079698,34.326272],[-82.079751,34.326283],[-82.080043,34.326481],[-82.080228,34.326481],[-82.08048,34.326514],[-82.080772,34.326613],[-82.080997,34.326767],[-82.081235,34.326986],[-82.081315,34.327096],[-82.081368,34.327217],[-82.081395,34.327371],[-82.081395,34.327547],[-82.081368,34.327624],[-82.08113,34.327866],[-82.081116,34.328009],[-82.080931,34.328504],[-82.080626,34.328713],[-82.08052,34.328856],[-82.080454,34.329119],[-82.080348,34.329367],[-82.08052,34.329339],[-82.080706,34.329185],[-82.080825,34.329141],[-82.08113,34.329075],[-82.081461,34.328943],[-82.08162,34.328976],[-82.081766,34.329092],[-82.081819,34.329284],[-82.081952,34.329372],[-82.082137,34.329394],[-82.082442,34.32935],[-82.082574,34.329284],[-82.082707,34.329141],[-82.082786,34.328998],[-82.082866,34.328954],[-82.082985,34.328976],[-82.083157,34.329163],[-82.083595,34.329526],[-82.083992,34.329734],[-82.084125,34.329767],[-82.084205,34.329756],[-82.084284,34.329701],[-82.084311,34.329646],[-82.084284,34.329569],[-82.083926,34.329207],[-82.08374,34.328965],[-82.083674,34.328866],[-82.083634,34.328745],[-82.083661,34.32869],[-82.08378,34.328679],[-82.083886,34.328712],[-82.083952,34.328756],[-82.084178,34.328943],[-82.08431,34.329108],[-82.084363,34.32924],[-82.08445,34.329273],[-82.084602,34.328844],[-82.084681,34.328734],[-82.084741,34.328701],[-82.08496,34.328734],[-82.085026,34.328778],[-82.085039,34.328877],[-82.085013,34.328954],[-82.084801,34.329327],[-82.084788,34.329536],[-82.084814,34.329712],[-82.084867,34.329844],[-82.084867,34.330031],[-82.084774,34.330383],[-82.084841,34.330515],[-82.085119,34.330779],[-82.085291,34.330987],[-82.085464,34.331229],[-82.085504,34.331383],[-82.085451,34.33168],[-82.085451,34.331823],[-82.085239,34.332362],[-82.085212,34.33289],[-82.085173,34.333065],[-82.085053,34.333329],[-82.084802,34.333626],[-82.084709,34.33378],[-82.08459,34.334242],[-82.084537,34.334407],[-82.084484,34.334484],[-82.084431,34.334517],[-82.083596,34.33466],[-82.083437,34.334737],[-82.083583,34.334902],[-82.083583,34.334968],[-82.083543,34.335094],[-82.083636,34.335144],[-82.083901,34.335166],[-82.084206,34.335275],[-82.084431,34.335286],[-82.084563,34.335319],[-82.084815,34.335396],[-82.084935,34.335484],[-82.085001,34.33555],[-82.085094,34.335748],[-82.085107,34.335935],[-82.085081,34.336133],[-82.08516,34.336243],[-82.085187,34.336342],[-82.085134,34.336584],[-82.085173,34.336792],[-82.085173,34.336913],[-82.085147,34.337012],[-82.085054,34.337155],[-82.085001,34.337353],[-82.085001,34.337463],[-82.085081,34.337771],[-82.085081,34.337881],[-82.085001,34.338156],[-82.084962,34.3382],[-82.084935,34.338321],[-82.084935,34.338486],[-82.084869,34.338596],[-82.084723,34.338716],[-82.084379,34.338925],[-82.084299,34.33909],[-82.084206,34.339211],[-82.084114,34.339288],[-82.084114,34.339376],[-82.08418,34.339398],[-82.084803,34.339321],[-82.085015,34.33931],[-82.085108,34.339332],[-82.085479,34.33953],[-82.085638,34.339508],[-82.085691,34.339475],[-82.085903,34.339255],[-82.086234,34.339079],[-82.086393,34.339057],[-82.08646,34.339145],[-82.08646,34.339365],[-82.086022,34.33975],[-82.085956,34.339838],[-82.08589,34.340003],[-82.08589,34.340409],[-82.085996,34.34075],[-82.086089,34.340915],[-82.086261,34.341102],[-82.086513,34.341278],[-82.086632,34.341322],[-82.086871,34.341459],[-82.087295,34.341613],[-82.087733,34.341811],[-82.087878,34.341833],[-82.087885,34.341805],[-82.087772,34.341701],[-82.087719,34.341607],[-82.087759,34.341558],[-82.087825,34.341569],[-82.088024,34.341756],[-82.088104,34.341898],[-82.088104,34.341975],[-82.088051,34.342151],[-82.08772,34.342525],[-82.087706,34.342569],[-82.087547,34.342778],[-82.087521,34.342877],[-82.087561,34.342965],[-82.087561,34.34302],[-82.087415,34.343163],[-82.087375,34.34324],[-82.087375,34.343394],[-82.087402,34.343493],[-82.087534,34.343724],[-82.087574,34.343834],[-82.087574,34.343976],[-82.087402,34.344427],[-82.087429,34.344537],[-82.087614,34.344361],[-82.08768,34.34424],[-82.087707,34.343899],[-82.087667,34.343658],[-82.087601,34.343449],[-82.087587,34.343251],[-82.087746,34.343064],[-82.087773,34.343009],[-82.087799,34.3428],[-82.087905,34.342635],[-82.088197,34.342316],[-82.088316,34.342151],[-82.088395,34.341964],[-82.088422,34.341657],[-82.088528,34.341656],[-82.088594,34.341733],[-82.088607,34.341777],[-82.088581,34.342019],[-82.088608,34.342118],[-82.088687,34.342239],[-82.088727,34.342349],[-82.0887,34.342536],[-82.088647,34.342657],[-82.088555,34.342756],[-82.088422,34.342844],[-82.088449,34.342888],[-82.088515,34.342888],[-82.088661,34.342855],[-82.088807,34.342767],[-82.088966,34.342602],[-82.089005,34.342514],[-82.089058,34.342382],[-82.089058,34.342283],[-82.088872,34.341788],[-82.088939,34.3417],[-82.089032,34.341645],[-82.089098,34.341568],[-82.089071,34.34148],[-82.088939,34.34136],[-82.088329,34.34147],[-82.088143,34.34147],[-82.088051,34.341437],[-82.087998,34.341393],[-82.087958,34.341239],[-82.087958,34.341118],[-82.087984,34.341008],[-82.088064,34.34092],[-82.088077,34.340843],[-82.08805,34.340722],[-82.087891,34.340513],[-82.087852,34.34037],[-82.087878,34.340084],[-82.087997,34.3397],[-82.088302,34.33899],[-82.088342,34.338617],[-82.088381,34.338562],[-82.088394,34.338397],[-82.088315,34.33832],[-82.088249,34.338298],[-82.08809,34.338166],[-82.088023,34.33799],[-82.087957,34.337913],[-82.087891,34.337583],[-82.087732,34.337374],[-82.087625,34.337133],[-82.087652,34.33699],[-82.087818,34.33683],[-82.087612,34.336638],[-82.087585,34.336154],[-82.087546,34.335868],[-82.087545,34.335363],[-82.087625,34.334983],[-82.087731,34.334692],[-82.087863,34.334593],[-82.087943,34.334571],[-82.088168,34.334593],[-82.088407,34.334725],[-82.0885,34.334725],[-82.088592,34.334637],[-82.088672,34.334516],[-82.088831,34.334406],[-82.089003,34.334362],[-82.089122,34.334362],[-82.089321,34.334406],[-82.089374,34.33445],[-82.08944,34.334527],[-82.089586,34.334845],[-82.089745,34.335131],[-82.089812,34.335219],[-82.089997,34.335373],[-82.090249,34.335461],[-82.09058,34.335516],[-82.091071,34.335675],[-82.091217,34.335763],[-82.091455,34.33595],[-82.091614,34.336115],[-82.091641,34.336192],[-82.091707,34.336246],[-82.091972,34.336334],[-82.092065,34.3364],[-82.092224,34.336543],[-82.092397,34.336796],[-82.092476,34.337093],[-82.092496,34.337329],[-82.092556,34.33728],[-82.092582,34.337214],[-82.092635,34.337159],[-82.092834,34.337016],[-82.093033,34.336961],[-82.093205,34.336961],[-82.093457,34.337005],[-82.093868,34.337158],[-82.094053,34.337257],[-82.094305,34.337323],[-82.094557,34.337455],[-82.094683,34.337499],[-82.095101,34.337752],[-82.095366,34.33796],[-82.095472,34.338114],[-82.095472,34.338268],[-82.095379,34.338499],[-82.095379,34.338598],[-82.095499,34.338675],[-82.095618,34.338719],[-82.095711,34.338818],[-82.09579,34.338961],[-82.095943,34.339104],[-82.096135,34.339082],[-82.096267,34.339093],[-82.096347,34.339125],[-82.096493,34.339268],[-82.096533,34.339367],[-82.096533,34.339433],[-82.096466,34.339609],[-82.096294,34.339785],[-82.096268,34.33984],[-82.096254,34.339928],[-82.096294,34.340049],[-82.096294,34.340258],[-82.096228,34.340566],[-82.096109,34.340885],[-82.096043,34.341654],[-82.096136,34.34205],[-82.096136,34.34216],[-82.09611,34.342237],[-82.09603,34.342347],[-82.095884,34.342446],[-82.095739,34.342468],[-82.095685,34.342517],[-82.095738,34.342567],[-82.096017,34.342556],[-82.096308,34.342578],[-82.096415,34.342622],[-82.096494,34.342698],[-82.096534,34.342819],[-82.096534,34.34294],[-82.0966,34.343105],[-82.096759,34.343303],[-82.097011,34.343479],[-82.097064,34.34349],[-82.097329,34.343468],[-82.097555,34.343402],[-82.0977,34.343391],[-82.097952,34.343413],[-82.098178,34.343479],[-82.098536,34.343665],[-82.098682,34.34372],[-82.099265,34.343863],[-82.099371,34.34394],[-82.099649,34.344248],[-82.099835,34.344715],[-82.099915,34.344951],[-82.099901,34.34505],[-82.099848,34.345182],[-82.099663,34.345336],[-82.099451,34.345413],[-82.099411,34.345446],[-82.099318,34.345457],[-82.099265,34.34549],[-82.09904,34.345512],[-82.098185,34.345403],[-82.098298,34.345501],[-82.098629,34.345622],[-82.098709,34.34571],[-82.098483,34.34593],[-82.098484,34.346106],[-82.098523,34.346194],[-82.098682,34.346403],[-82.098961,34.346886],[-82.099041,34.346985],[-82.099465,34.347403],[-82.100048,34.34776],[-82.100154,34.347842],[-82.100048,34.34798],[-82.099982,34.348024],[-82.099028,34.347425],[-82.098802,34.347645],[-82.098577,34.347832],[-82.098444,34.34792],[-82.098352,34.347953],[-82.097914,34.348074],[-82.097556,34.348118],[-82.097344,34.348096],[-82.097066,34.348019],[-82.097026,34.348052],[-82.097026,34.348118],[-82.097066,34.348195],[-82.097093,34.34836],[-82.097026,34.348569],[-82.097027,34.348756],[-82.097053,34.348899],[-82.097133,34.349086],[-82.097146,34.349185],[-82.097093,34.349416],[-82.097358,34.349636],[-82.097464,34.349811],[-82.097504,34.349976],[-82.097464,34.350185],[-82.097491,34.350422],[-82.097359,34.350762],[-82.097345,34.35085],[-82.097385,34.351092],[-82.097471,34.351125],[-82.097611,34.350993],[-82.097769,34.350762],[-82.098141,34.350399],[-82.098379,34.350245],[-82.098538,34.350168],[-82.09871,34.350124],[-82.098949,34.350102],[-82.099161,34.350036],[-82.099307,34.350036],[-82.099506,34.35008],[-82.09993,34.350124],[-82.100063,34.350168],[-82.100155,34.350234],[-82.100341,34.350465],[-82.100407,34.350585],[-82.100487,34.350849],[-82.100633,34.351201],[-82.100686,34.351256],[-82.100792,34.3513],[-82.101017,34.351487],[-82.10115,34.351509],[-82.101203,34.351542],[-82.10168,34.351706],[-82.10176,34.351772],[-82.101813,34.351849],[-82.101826,34.351959],[-82.1018,34.352135],[-82.101707,34.352377],[-82.101641,34.352476],[-82.101575,34.352531],[-82.101402,34.352619],[-82.101217,34.352795],[-82.100965,34.35329],[-82.100859,34.353411],[-82.100806,34.353444],[-82.100687,34.353488],[-82.100594,34.353499],[-82.100382,34.353477],[-82.100276,34.353444],[-82.099971,34.353312],[-82.099666,34.353037],[-82.09956,34.353004],[-82.099282,34.352983],[-82.099096,34.353005],[-82.09899,34.353049],[-82.099017,34.353093],[-82.099202,34.353125],[-82.099428,34.353213],[-82.099587,34.353334],[-82.099732,34.353488],[-82.099918,34.353642],[-82.099998,34.353664],[-82.100091,34.353719],[-82.100296,34.353763],[-82.100382,34.353829],[-82.100409,34.353928],[-82.100369,34.354005],[-82.100051,34.354313],[-82.099919,34.354532],[-82.099826,34.354895],[-82.099747,34.355357],[-82.099667,34.355423],[-82.099574,34.355445],[-82.099428,34.355423],[-82.099336,34.355379],[-82.099084,34.355401],[-82.098885,34.3555],[-82.098487,34.355621],[-82.098487,34.355709],[-82.098872,34.35605],[-82.09919,34.356473],[-82.099389,34.356764],[-82.099482,34.356951],[-82.099522,34.356984],[-82.099548,34.357061],[-82.099588,34.357094],[-82.099681,34.357325],[-82.099721,34.357369],[-82.099761,34.357523],[-82.099761,34.357666],[-82.099734,34.357776],[-82.099655,34.357919],[-82.099509,34.358095],[-82.099482,34.358183],[-82.099589,34.358282],[-82.099668,34.358293],[-82.099814,34.35838],[-82.09992,34.358512],[-82.09996,34.358666],[-82.099927,34.358837],[-82.099775,34.358985],[-82.099536,34.359161],[-82.099417,34.359227],[-82.099271,34.359282],[-82.099059,34.359282],[-82.098807,34.359227],[-82.098409,34.35892],[-82.098316,34.358887],[-82.097932,34.358634],[-82.097905,34.358634],[-82.097892,34.358689],[-82.097932,34.358821],[-82.097892,34.358942],[-82.09776,34.359151],[-82.097726,34.359294],[-82.097919,34.359414],[-82.097958,34.359524],[-82.098012,34.359568],[-82.098065,34.359557],[-82.098184,34.35948],[-82.098277,34.35948],[-82.098356,34.359502],[-82.098529,34.359656],[-82.098595,34.359656],[-82.098701,34.359744],[-82.098834,34.359766],[-82.098979,34.359931],[-82.099086,34.36025],[-82.099178,34.360338],[-82.099338,34.360349],[-82.099424,34.36042],[-82.099417,34.360513],[-82.099324,34.360629],[-82.099285,34.360788],[-82.099324,34.360931],[-82.099417,34.361019],[-82.099457,34.361085],[-82.099484,34.361481],[-82.09955,34.361668],[-82.099683,34.361844],[-82.100054,34.362107],[-82.1002,34.36225],[-82.100319,34.362415],[-82.100366,34.362673],[-82.100591,34.362679],[-82.100817,34.362684],[-82.100876,34.362635],[-82.100883,34.36269],[-82.101122,34.362701],[-82.101115,34.362514],[-82.101287,34.362272],[-82.10134,34.362261],[-82.10138,34.36231],[-82.101241,34.362591],[-82.101254,34.362717],[-82.1014,34.362722],[-82.10146,34.362481],[-82.101572,34.362387],[-82.101672,34.362382],[-82.10189,34.362453],[-82.101877,34.362387],[-82.101738,34.362239],[-82.101698,34.362096],[-82.101685,34.361865],[-82.101724,34.361689],[-82.101804,34.361568],[-82.101936,34.361458],[-82.102228,34.361304],[-82.1024,34.361183],[-82.102467,34.361062],[-82.102466,34.360864],[-82.102228,34.360336],[-82.102201,34.360051],[-82.102214,34.359974],[-82.10228,34.359875],[-82.102439,34.359721],[-82.102466,34.359556],[-82.102426,34.359435],[-82.102227,34.359204],[-82.102174,34.359105],[-82.102108,34.358896],[-82.102121,34.358731],[-82.102214,34.358336],[-82.10216,34.357951],[-82.102067,34.35761],[-82.102041,34.357203],[-82.102054,34.357148],[-82.10212,34.357093],[-82.102239,34.357049],[-82.102478,34.357016],[-82.102531,34.356983],[-82.102491,34.356928],[-82.102213,34.356719],[-82.102173,34.356577],[-82.102159,34.35584],[-82.102199,34.355356],[-82.102225,34.355301],[-82.102557,34.355092],[-82.102769,34.354982],[-82.103007,34.354784],[-82.103484,34.354454],[-82.10363,34.354333],[-82.103895,34.354003],[-82.104028,34.353882],[-82.104081,34.353849],[-82.104226,34.353805],[-82.104465,34.353772],[-82.104545,34.353717],[-82.104518,34.353629],[-82.104425,34.353497],[-82.104385,34.353398],[-82.104385,34.353036],[-82.104451,34.352948],[-82.104544,34.352882],[-82.104836,34.352585],[-82.104902,34.352497],[-82.105074,34.352167],[-82.105339,34.351903],[-82.105405,34.351705],[-82.105352,34.351408],[-82.105312,34.351364],[-82.105286,34.351276],[-82.105153,34.351078],[-82.105007,34.350946],[-82.104928,34.350913],[-82.104769,34.350892],[-82.104689,34.350903],[-82.104464,34.350958],[-82.104013,34.351024],[-82.103907,34.351057],[-82.10339,34.351145],[-82.103284,34.351156],[-82.103151,34.351123],[-82.103059,34.351057],[-82.102992,34.350969],[-82.103019,34.350793],[-82.103098,34.350562],[-82.102992,34.350299],[-82.103032,34.349947],[-82.102952,34.349837],[-82.102647,34.349661],[-82.102422,34.349562],[-82.102276,34.349452],[-82.10221,34.349375],[-82.102037,34.349024],[-82.101891,34.348892],[-82.101799,34.348848],[-82.101679,34.348826],[-82.10152,34.348826],[-82.101295,34.348848],[-82.100977,34.348914],[-82.100831,34.348914],[-82.100725,34.348815],[-82.100579,34.348541],[-82.100287,34.348244],[-82.100473,34.348046],[-82.100738,34.348211],[-82.100857,34.348211],[-82.101175,34.347837],[-82.101308,34.347727],[-82.10144,34.34765],[-82.101679,34.34765],[-82.101844,34.347732],[-82.101811,34.347507],[-82.101652,34.347386],[-82.101652,34.347254],[-82.101851,34.347067],[-82.102102,34.34688],[-82.102725,34.346528],[-82.102818,34.346462],[-82.102884,34.346363],[-82.102997,34.346297],[-82.103083,34.34633],[-82.103176,34.346462],[-82.103256,34.346517],[-82.103428,34.346549],[-82.103932,34.346549],[-82.104091,34.346571],[-82.104555,34.346714],[-82.10482,34.346857],[-82.105072,34.347087],[-82.105178,34.347263],[-82.105218,34.347406],[-82.105257,34.347439],[-82.105377,34.347417],[-82.105523,34.34734],[-82.106,34.347296],[-82.106199,34.347208],[-82.106291,34.347186],[-82.106437,34.347186],[-82.106503,34.347208],[-82.106702,34.347362],[-82.106875,34.347581],[-82.107153,34.34779],[-82.107326,34.347867],[-82.107491,34.347889],[-82.10822,34.347812],[-82.108552,34.347801],[-82.108644,34.347812],[-82.108764,34.347905],[-82.108777,34.347988],[-82.108578,34.348416],[-82.108526,34.348603],[-82.108281,34.349142],[-82.108254,34.349307],[-82.108254,34.349571],[-82.108281,34.349747],[-82.108387,34.350044],[-82.108467,34.350153],[-82.108599,34.350263],[-82.108825,34.350406],[-82.109362,34.350538],[-82.109587,34.350659],[-82.109733,34.350681],[-82.109985,34.35067],[-82.110157,34.350713],[-82.110223,34.350735],[-82.110329,34.350834],[-82.11033,34.350999],[-82.110025,34.351373],[-82.109978,34.351483],[-82.110018,34.35167],[-82.110191,34.351912],[-82.110595,34.352285],[-82.110754,34.352461],[-82.110821,34.352505],[-82.111033,34.352758],[-82.111099,34.352923],[-82.111133,34.353154],[-82.111199,34.353264],[-82.11167,34.353604],[-82.111802,34.353681],[-82.111922,34.353708],[-82.112094,34.353686],[-82.112319,34.353587],[-82.112425,34.353576],[-82.112505,34.35362],[-82.11273,34.353829],[-82.112823,34.354016],[-82.11285,34.354115],[-82.112823,34.354203],[-82.112572,34.354489],[-82.112545,34.354566],[-82.112611,34.354621],[-82.112903,34.354687],[-82.113023,34.354774],[-82.113076,34.354851],[-82.113129,34.354884],[-82.113407,34.354906],[-82.113513,34.354939],[-82.113725,34.35517],[-82.113977,34.355401],[-82.114137,34.355609],[-82.114163,34.355675],[-82.114137,34.355851],[-82.114031,34.356126],[-82.113978,34.356203],[-82.113938,34.356335],[-82.113938,34.356467],[-82.114137,34.356764],[-82.114111,34.35694],[-82.114005,34.357143],[-82.114018,34.357171],[-82.114164,34.357127],[-82.114217,34.357083],[-82.114442,34.357049],[-82.114628,34.357082],[-82.114933,34.35717],[-82.115397,34.357192],[-82.115529,34.357214],[-82.115742,34.357346],[-82.116113,34.357675],[-82.116259,34.357829],[-82.116644,34.358346],[-82.11679,34.35861],[-82.116922,34.358939],[-82.116949,34.359071],[-82.117122,34.359555],[-82.117228,34.359973],[-82.117294,34.360016],[-82.117334,34.359972],[-82.11736,34.35983],[-82.117414,34.359796],[-82.117546,34.359796],[-82.117679,34.359829],[-82.117758,34.359884],[-82.117891,34.359939],[-82.118037,34.360082],[-82.118116,34.360247],[-82.118289,34.3605],[-82.118475,34.360632],[-82.11866,34.360708],[-82.118806,34.360862],[-82.118965,34.360917],[-82.119284,34.361159],[-82.119509,34.361137],[-82.119748,34.361071],[-82.119854,34.361093],[-82.120411,34.361312],[-82.120583,34.361356],[-82.120663,34.361356],[-82.120729,34.361312],[-82.120822,34.361191],[-82.120888,34.361147],[-82.121166,34.361147],[-82.121232,34.361125],[-82.121312,34.361125],[-82.121405,34.361147],[-82.121564,34.361235],[-82.12163,34.361246],[-82.122247,34.361234],[-82.122187,34.361157],[-82.121948,34.36108],[-82.12163,34.360883],[-82.121511,34.36085],[-82.121245,34.360861],[-82.120888,34.360806],[-82.120384,34.360499],[-82.120092,34.360422],[-82.119986,34.360378],[-82.119508,34.360059],[-82.119243,34.359785],[-82.118978,34.359565],[-82.118739,34.359444],[-82.118527,34.3594],[-82.118421,34.3594],[-82.118394,34.359444],[-82.118434,34.359543],[-82.118381,34.359609],[-82.118288,34.35962],[-82.118275,34.359785],[-82.11809,34.359774],[-82.11797,34.359664],[-82.117877,34.359456],[-82.117731,34.359269],[-82.117386,34.358983],[-82.11736,34.358906],[-82.117294,34.35884],[-82.117294,34.358785],[-82.117453,34.358807],[-82.117758,34.359005],[-82.118275,34.359213],[-82.118606,34.359202],[-82.118845,34.359224],[-82.119336,34.359367],[-82.119415,34.3594],[-82.119733,34.359674],[-82.119932,34.359795],[-82.120343,34.359905],[-82.120449,34.359916],[-82.120635,34.360004],[-82.120688,34.359993],[-82.121059,34.360047],[-82.12147,34.360201],[-82.121683,34.360311],[-82.12212,34.36041],[-82.122412,34.360498],[-82.122637,34.360607],[-82.122763,34.360706],[-82.122911,34.360505],[-82.123055,34.36031],[-82.122849,34.360167],[-82.122769,34.359849],[-82.122557,34.359629],[-82.122358,34.359244],[-82.122225,34.359112],[-82.122106,34.359025],[-82.121655,34.358772],[-82.121257,34.358475],[-82.12127,34.358398],[-82.12135,34.358398],[-82.121522,34.358497],[-82.121695,34.358519],[-82.121854,34.358508],[-82.121894,34.358464],[-82.121814,34.358398],[-82.121615,34.358321],[-82.121509,34.358255],[-82.121191,34.358233],[-82.121124,34.358211],[-82.120979,34.358113],[-82.120873,34.358113],[-82.12076,34.358245],[-82.120607,34.358245],[-82.120488,34.358168],[-82.120461,34.358058],[-82.120475,34.357915],[-82.120435,34.357838],[-82.120289,34.357728],[-82.12013,34.35764],[-82.119759,34.357553],[-82.119401,34.357531],[-82.119029,34.357432],[-82.118274,34.357377],[-82.118115,34.357334],[-82.117916,34.357246],[-82.117717,34.357103],[-82.117637,34.356993],[-82.117571,34.356883],[-82.117504,34.356707],[-82.117478,34.356531],[-82.117517,34.35641],[-82.117729,34.356113],[-82.117769,34.355981],[-82.117782,34.355762],[-82.117756,34.355652],[-82.117689,34.355575],[-82.117132,34.355157],[-82.117092,34.355069],[-82.117039,34.354871],[-82.117013,34.354531],[-82.117105,34.354102],[-82.117131,34.353827],[-82.117118,34.353684],[-82.117091,34.353563],[-82.117025,34.35342],[-82.116733,34.353047],[-82.116654,34.352882],[-82.11672,34.352805],[-82.116958,34.352728],[-82.117025,34.352673],[-82.117011,34.352596],[-82.116806,34.352497],[-82.116322,34.352332],[-82.116256,34.352277],[-82.116216,34.352222],[-82.11599,34.351673],[-82.115911,34.35153],[-82.115871,34.351332],[-82.115831,34.350738],[-82.115883,34.35043],[-82.115949,34.350276],[-82.115976,34.350101],[-82.115989,34.34965],[-82.116082,34.349485],[-82.116188,34.349408],[-82.11632,34.349386],[-82.116466,34.349386],[-82.116585,34.34943],[-82.116718,34.349452],[-82.116731,34.349397],[-82.116598,34.349111],[-82.116545,34.34888],[-82.116572,34.348572],[-82.116545,34.348374],[-82.116478,34.348066],[-82.116452,34.347819],[-82.116319,34.347346],[-82.116279,34.347269],[-82.116186,34.347171],[-82.11612,34.347127],[-82.115974,34.347072],[-82.115921,34.347028],[-82.115762,34.346775],[-82.115642,34.346676],[-82.115364,34.346555],[-82.115178,34.346379],[-82.114807,34.345588],[-82.114767,34.345368],[-82.114793,34.345192],[-82.114846,34.345049],[-82.115071,34.34473],[-82.115124,34.344587],[-82.115137,34.34439],[-82.115098,34.344302],[-82.114978,34.344258],[-82.114833,34.34428],[-82.11478,34.344324],[-82.114581,34.344588],[-82.114488,34.344643],[-82.114276,34.344621],[-82.114077,34.344555],[-82.113998,34.344654],[-82.113865,34.344962],[-82.113852,34.345369],[-82.113759,34.345391],[-82.113561,34.345292],[-82.113441,34.345281],[-82.113322,34.345457],[-82.113203,34.345534],[-82.1125,34.345446],[-82.112394,34.345336],[-82.112301,34.345172],[-82.112248,34.345128],[-82.112063,34.345095],[-82.111599,34.345128],[-82.111175,34.345238],[-82.110645,34.345337],[-82.11034,34.345414],[-82.110141,34.345447],[-82.109889,34.345447],[-82.109796,34.345425],[-82.109597,34.345338],[-82.109372,34.345217],[-82.109292,34.345151],[-82.109253,34.345019],[-82.109306,34.344898],[-82.109465,34.344755],[-82.109491,34.3447],[-82.109451,34.344667],[-82.109186,34.344678],[-82.108961,34.344711],[-82.108842,34.344634],[-82.108656,34.344579],[-82.108457,34.344415],[-82.108351,34.344393],[-82.108232,34.344404],[-82.107993,34.344481],[-82.107543,34.34469],[-82.107357,34.344712],[-82.107225,34.344679],[-82.106999,34.344514],[-82.106959,34.344459],[-82.10692,34.344338],[-82.106933,34.344228],[-82.107025,34.344008],[-82.107052,34.34381],[-82.107025,34.343756],[-82.106959,34.343668],[-82.106468,34.343294],[-82.106442,34.343239],[-82.106442,34.343085],[-82.10664,34.342854],[-82.106587,34.34281],[-82.106296,34.342799],[-82.105978,34.342756],[-82.105832,34.342657],[-82.105792,34.342503],[-82.105845,34.342327],[-82.105977,34.342162],[-82.106017,34.341997],[-82.106004,34.341854],[-82.105871,34.341524],[-82.105778,34.341403],[-82.105632,34.341118],[-82.105566,34.34103],[-82.105473,34.340964],[-82.10538,34.341063],[-82.105354,34.341294],[-82.105274,34.341327],[-82.105162,34.341261],[-82.105135,34.341272],[-82.105169,34.341382],[-82.105155,34.341502],[-82.10501,34.341689],[-82.10493,34.341755],[-82.104586,34.341767],[-82.10444,34.341888],[-82.104334,34.341943],[-82.104175,34.341965],[-82.103976,34.341932],[-82.103949,34.342108],[-82.10383,34.342317],[-82.103817,34.34257],[-82.103764,34.342723],[-82.103625,34.342844],[-82.103572,34.342866],[-82.103426,34.34291],[-82.103267,34.342921],[-82.103174,34.3429],[-82.103042,34.342812],[-82.103015,34.342625],[-82.102949,34.342542],[-82.10283,34.342454],[-82.10283,34.342377],[-82.102969,34.342223],[-82.103008,34.342135],[-82.103008,34.341949],[-82.102942,34.341718],[-82.102995,34.341608],[-82.103048,34.341575],[-82.103538,34.341553],[-82.103631,34.341487],[-82.103618,34.341393],[-82.103591,34.341311],[-82.103525,34.341256],[-82.103459,34.341245],[-82.103379,34.341245],[-82.103114,34.341311],[-82.103048,34.341311],[-82.102942,34.341234],[-82.102796,34.34108],[-82.102624,34.341014],[-82.102464,34.340893],[-82.102425,34.340772],[-82.102484,34.340712],[-82.102623,34.340695],[-82.102835,34.340717],[-82.102888,34.340739],[-82.103193,34.340772],[-82.103299,34.340805],[-82.103339,34.34075],[-82.103286,34.340684],[-82.103101,34.340618],[-82.102941,34.340519],[-82.102796,34.340344],[-82.102756,34.340168],[-82.102703,34.340124],[-82.102583,34.340124],[-82.102318,34.340278],[-82.102252,34.340245],[-82.102159,34.340157],[-82.102014,34.340179],[-82.101907,34.340113],[-82.101775,34.340135],[-82.101682,34.340168],[-82.101344,34.340421],[-82.101132,34.340542],[-82.100417,34.340861],[-82.100152,34.340883],[-82.099966,34.340839],[-82.099674,34.340609],[-82.099555,34.340455],[-82.099449,34.340169],[-82.099382,34.339905],[-82.099316,34.339817],[-82.09921,34.339729],[-82.099184,34.339663],[-82.099184,34.339586],[-82.09925,34.339344],[-82.099515,34.338861],[-82.099713,34.338586],[-82.099727,34.338542],[-82.099998,34.338223],[-82.100104,34.338135],[-82.100197,34.338091],[-82.100369,34.338047],[-82.100555,34.338047],[-82.100449,34.337926],[-82.100303,34.337838],[-82.100263,34.337783],[-82.100303,34.337673],[-82.100263,34.337618],[-82.100183,34.337662],[-82.099826,34.337761],[-82.099269,34.337783],[-82.09909,34.33775],[-82.098971,34.337673],[-82.098818,34.337519],[-82.098765,34.337421],[-82.098712,34.33719],[-82.098712,34.337047],[-82.098752,34.336805],[-82.098884,34.33653],[-82.099136,34.336244],[-82.099162,34.336068],[-82.099122,34.335903],[-82.099136,34.335771],[-82.099321,34.335551],[-82.099738,34.335183],[-82.099639,34.335167],[-82.099427,34.335244],[-82.099189,34.335277],[-82.098963,34.335266],[-82.09887,34.335211],[-82.098778,34.335123],[-82.098446,34.334716],[-82.09842,34.334617],[-82.098473,34.334452],[-82.098684,34.334166],[-82.099055,34.333781],[-82.099082,34.333671],[-82.099175,34.333463],[-82.099188,34.333369],[-82.099108,34.333397],[-82.098711,34.333815],[-82.0983,34.334079],[-82.098048,34.334266],[-82.097929,34.334332],[-82.097836,34.334354],[-82.09769,34.334354],[-82.097598,34.334321],[-82.097372,34.334156],[-82.09728,34.334046],[-82.097054,34.334024],[-82.096471,34.33365],[-82.096232,34.333486],[-82.096179,34.333387],[-82.096153,34.33309],[-82.096245,34.332859],[-82.096325,34.33276],[-82.09655,34.332551],[-82.097001,34.332232],[-82.097054,34.332177],[-82.097054,34.332122],[-82.097014,34.332089],[-82.096921,34.3321],[-82.09655,34.332287],[-82.09606,34.332485],[-82.095861,34.332595],[-82.095755,34.332606],[-82.095596,34.332584],[-82.095424,34.332485],[-82.094986,34.332101],[-82.09484,34.331958],[-82.094814,34.331903],[-82.094681,34.33176],[-82.094283,34.331408],[-82.094177,34.331342],[-82.094085,34.33132],[-82.093979,34.331265],[-82.093926,34.331221],[-82.093886,34.331167],[-82.093859,34.331024],[-82.093872,34.330881],[-82.093939,34.330683],[-82.094084,34.330441],[-82.094177,34.330353],[-82.094416,34.330188],[-82.094707,34.330067],[-82.094879,34.329968],[-82.095436,34.329715],[-82.095502,34.329616],[-82.09525,34.329649],[-82.094892,34.329605],[-82.09476,34.329627],[-82.094508,34.329726],[-82.094058,34.329743],[-82.093938,34.329787],[-82.093581,34.329864],[-82.092971,34.330282],[-82.092918,34.330359],[-82.092892,34.330469],[-82.092892,34.33059],[-82.092918,34.330832],[-82.092985,34.331062],[-82.093011,34.331354],[-82.092971,34.331519],[-82.092918,34.331557],[-82.092813,34.331568],[-82.092647,34.331469],[-82.092494,34.331172],[-82.092454,34.33103],[-82.092415,34.330722],[-82.092414,34.330315],[-82.092481,34.329974],[-82.092666,34.329435],[-82.092759,34.329237],[-82.092878,34.329083],[-82.092878,34.328886],[-82.092825,34.328798],[-82.092633,34.32871],[-82.09252,34.328754],[-82.092202,34.329172],[-82.092043,34.329304],[-82.091897,34.329381],[-82.091778,34.32948],[-82.091632,34.329721],[-82.091208,34.329952],[-82.091076,34.329986],[-82.09093,34.329898],[-82.090798,34.329766],[-82.090658,34.3297],[-82.090572,34.329524],[-82.0904,34.329348],[-82.089452,34.329293],[-82.089214,34.329227],[-82.088988,34.32914],[-82.08875,34.329008],[-82.088538,34.328931],[-82.088206,34.328876],[-82.087955,34.328689],[-82.087862,34.328568],[-82.087716,34.328293],[-82.087636,34.328205],[-82.087438,34.328051],[-82.087424,34.327876],[-82.087371,34.327755],[-82.087411,34.327645],[-82.08757,34.32748],[-82.087669,34.327117],[-82.087722,34.326985],[-82.088464,34.326182],[-82.088484,34.3261],[-82.088464,34.326083],[-82.088239,34.326215],[-82.08812,34.326237],[-82.087987,34.326237],[-82.087669,34.326479],[-82.087576,34.326523],[-82.08751,34.3266],[-82.087457,34.32671],[-82.087086,34.326952],[-82.086881,34.327128],[-82.086709,34.327139],[-82.086563,34.327084],[-82.086523,34.327051],[-82.086483,34.326919],[-82.08643,34.326875],[-82.086271,34.326864],[-82.086099,34.326886],[-82.085953,34.326974],[-82.085821,34.32726],[-82.085728,34.327359],[-82.085516,34.327359],[-82.08541,34.327381],[-82.085317,34.327436],[-82.085079,34.32737],[-82.085026,34.327338],[-82.085026,34.327151],[-82.084707,34.326931],[-82.084615,34.326898],[-82.084085,34.326832],[-82.083979,34.32681],[-82.083899,34.326766],[-82.083859,34.326711],[-82.083859,34.326645],[-82.083939,34.326579],[-82.084098,34.326557],[-82.084681,34.326535],[-82.084853,34.326502],[-82.084959,34.32648],[-82.085052,34.326436],[-82.085151,34.326342],[-82.085105,34.326282],[-82.084919,34.326249],[-82.084588,34.326117],[-82.084402,34.325963],[-82.084363,34.325842],[-82.084402,34.325689],[-82.084601,34.325414],[-82.084647,34.325227],[-82.08474,34.325062],[-82.084753,34.324974],[-82.084694,34.324935],[-82.084462,34.32515],[-82.083952,34.325524],[-82.083899,34.325535],[-82.083833,34.325502],[-82.083514,34.325238],[-82.083395,34.325249],[-82.08309,34.325447],[-82.082878,34.32548],[-82.082812,34.325458],[-82.082759,34.325414],[-82.082733,34.325249],[-82.082772,34.325183],[-82.082971,34.324996],[-82.083223,34.324842],[-82.083263,34.324787],[-82.083249,34.324732],[-82.083157,34.324655],[-82.083037,34.324611],[-82.082799,34.324435],[-82.082759,34.324315],[-82.082772,34.324227],[-82.082944,34.324073],[-82.083163,34.32393],[-82.083309,34.323798],[-82.083362,34.323776],[-82.083388,34.323655],[-82.083269,34.323655],[-82.083163,34.323699],[-82.082898,34.323721],[-82.082739,34.323688],[-82.082659,34.323644],[-82.08254,34.323512],[-82.082461,34.323314],[-82.082474,34.322732],[-82.082421,34.322556],[-82.082434,34.321962],[-82.082421,34.321775],[-82.082381,34.321665],[-82.082381,34.32139],[-82.082593,34.321005],[-82.082513,34.320928],[-82.08242,34.320906],[-82.082381,34.320873],[-82.082275,34.320841],[-82.082155,34.320764],[-82.082036,34.320648],[-82.081996,34.320571],[-82.082023,34.320318],[-82.082129,34.320055],[-82.082433,34.319719],[-82.082632,34.319549],[-82.082738,34.319499],[-82.082831,34.319477],[-82.08295,34.319477],[-82.083321,34.319631],[-82.083653,34.319807],[-82.084222,34.320016],[-82.084355,34.320038],[-82.084408,34.319988],[-82.084355,34.319884],[-82.084183,34.319664],[-82.084037,34.319411],[-82.083586,34.318872],[-82.083507,34.318641],[-82.083546,34.318521],[-82.083599,34.318444],[-82.083771,34.318279],[-82.08397,34.318213],[-82.084447,34.318157],[-82.0845,34.318103],[-82.084354,34.317993],[-82.084103,34.317894],[-82.083811,34.317828],[-82.083652,34.317762],[-82.08344,34.31757],[-82.083387,34.317603],[-82.083347,34.31791],[-82.083268,34.317987],[-82.083188,34.318053],[-82.083082,34.318097],[-82.082884,34.318086],[-82.082552,34.317889],[-82.082407,34.317845],[-82.082314,34.317779],[-82.082221,34.317592],[-82.082062,34.317493],[-82.082009,34.31724],[-82.081929,34.317174],[-82.08185,34.317152],[-82.081413,34.31713],[-82.081015,34.317053],[-82.080936,34.316998],[-82.080949,34.31691],[-82.081055,34.316844],[-82.081664,34.316602],[-82.081863,34.316481],[-82.08189,34.316426],[-82.08189,34.316317],[-82.081823,34.316174],[-82.081823,34.316119],[-82.081889,34.315756],[-82.081876,34.315613],[-82.081836,34.315481],[-82.081863,34.315173],[-82.081929,34.315052],[-82.082022,34.314964],[-82.082141,34.314931],[-82.082499,34.314953],[-82.082645,34.314788],[-82.082711,34.314744],[-82.082989,34.314711],[-82.083545,34.314513],[-82.083546,34.314458],[-82.083506,34.314425],[-82.08334,34.314392],[-82.083201,34.314249],[-82.083174,34.31404],[-82.083201,34.313942],[-82.083267,34.313854],[-82.083744,34.313414],[-82.084049,34.313051],[-82.084168,34.312853],[-82.084367,34.312655],[-82.084459,34.312589],[-82.084565,34.312556],[-82.084698,34.312523],[-82.08491,34.312501],[-82.084963,34.312479],[-82.084989,34.312336],[-82.084976,34.312061],[-82.085016,34.311951],[-82.085426,34.311555],[-82.085506,34.311412],[-82.085599,34.311313],[-82.085784,34.311214],[-82.085863,34.311203],[-82.08593,34.31117],[-82.086022,34.311049],[-82.086089,34.310884],[-82.086208,34.310753],[-82.086354,34.310632],[-82.086486,34.310555],[-82.086738,34.310489],[-82.08699,34.310467],[-82.087096,34.310488],[-82.087215,34.310576],[-82.087268,34.310659],[-82.087308,34.310791],[-82.087281,34.310945],[-82.087334,34.310978],[-82.08748,34.310967],[-82.087599,34.311022],[-82.087652,34.311131],[-82.087652,34.311186],[-82.087824,34.311362],[-82.087851,34.311483],[-82.087798,34.311725],[-82.087652,34.312044],[-82.087427,34.312396],[-82.08748,34.312451],[-82.087586,34.312429],[-82.087811,34.31233],[-82.088262,34.312066],[-82.088474,34.311978],[-82.088567,34.311978],[-82.088646,34.312],[-82.088752,34.312055],[-82.088818,34.312132],[-82.088951,34.312231],[-82.089242,34.312362],[-82.089362,34.312384],[-82.089428,34.312329],[-82.089454,34.312164],[-82.089494,34.31212],[-82.089587,34.312099],[-82.089733,34.312109],[-82.089852,34.312164],[-82.09009,34.312395],[-82.090183,34.312461],[-82.090422,34.312483],[-82.090514,34.312516],[-82.090607,34.312593],[-82.090634,34.312692],[-82.090674,34.312725],[-82.090806,34.312736],[-82.091044,34.312923],[-82.091429,34.313131],[-82.091747,34.313263],[-82.09184,34.313263],[-82.091826,34.313219],[-82.091574,34.313021],[-82.091508,34.312945],[-82.091468,34.312813],[-82.091402,34.312747],[-82.091296,34.312725],[-82.09119,34.312659],[-82.091058,34.312516],[-82.090899,34.312384],[-82.090846,34.312318],[-82.090819,34.312219],[-82.0907,34.312109],[-82.090687,34.312054],[-82.090614,34.311999],[-82.090395,34.312032],[-82.090289,34.31201],[-82.090077,34.311889],[-82.089984,34.311868],[-82.089852,34.311879],[-82.089653,34.311736],[-82.089547,34.311582],[-82.089454,34.311384],[-82.089388,34.311307],[-82.089189,34.311153],[-82.089149,34.310922],[-82.089149,34.31079],[-82.089109,34.310658],[-82.08903,34.310537],[-82.089003,34.310428],[-82.089003,34.310307],[-82.089017,34.310186],[-82.089281,34.309603],[-82.089281,34.30946],[-82.089149,34.309339],[-82.08895,34.309273],[-82.088818,34.309185],[-82.088791,34.309119],[-82.088791,34.309042],[-82.088937,34.3088],[-82.089043,34.308712],[-82.08948,34.308514],[-82.089573,34.308514],[-82.089652,34.308536],[-82.089838,34.308624],[-82.090023,34.308624],[-82.090182,34.308569],[-82.090368,34.308459],[-82.090573,34.308465],[-82.090672,34.308558],[-82.090725,34.30869],[-82.090778,34.308723],[-82.090964,34.308558],[-82.091123,34.308459],[-82.091229,34.308415],[-82.091414,34.30836],[-82.091666,34.308327],[-82.092063,34.308327],[-82.092063,34.30825],[-82.091825,34.308063],[-82.091758,34.307854],[-82.091692,34.307788],[-82.091176,34.307766],[-82.091017,34.307722],[-82.090593,34.307679],[-82.090381,34.307624],[-82.090235,34.307525],[-82.090208,34.30747],[-82.090208,34.307349],[-82.09042,34.306909],[-82.090447,34.306557],[-82.090526,34.30648],[-82.090685,34.306425],[-82.090884,34.306238],[-82.091321,34.306205],[-82.091665,34.306271],[-82.091758,34.306304],[-82.092116,34.306337],[-82.092328,34.306337],[-82.092487,34.306315],[-82.092579,34.30626],[-82.092593,34.306172],[-82.0925,34.306084],[-82.092222,34.30604],[-82.09189,34.305875],[-82.091837,34.305864],[-82.091678,34.305776],[-82.09144,34.305567],[-82.091321,34.305403],[-82.091281,34.305293],[-82.091281,34.30515],[-82.09132,34.305029],[-82.0914,34.304908],[-82.091453,34.304864],[-82.091519,34.304842],[-82.091711,34.304875],[-82.091996,34.304996],[-82.092115,34.305073],[-82.092301,34.305094],[-82.092818,34.30494],[-82.09303,34.304907],[-82.093189,34.304962],[-82.093347,34.304984],[-82.093546,34.304929],[-82.09393,34.30472],[-82.094103,34.304665],[-82.094473,34.304643],[-82.095109,34.304698],[-82.095626,34.304841],[-82.095759,34.304923],[-82.095772,34.305038],[-82.09564,34.305313],[-82.095693,34.305368],[-82.096488,34.305566],[-82.096607,34.305621],[-82.0967,34.305698],[-82.096726,34.305797],[-82.096686,34.305918],[-82.096527,34.306083],[-82.096501,34.306149],[-82.096541,34.306324],[-82.096528,34.306412],[-82.096475,34.306511],[-82.096488,34.306566],[-82.096554,34.306665],[-82.096726,34.306863],[-82.096819,34.306885],[-82.096859,34.306852],[-82.096952,34.306478],[-82.096991,34.306368],[-82.097031,34.306324],[-82.097137,34.306269],[-82.097322,34.306236],[-82.097786,34.306214],[-82.097866,34.306236],[-82.097945,34.306302],[-82.097985,34.306401],[-82.098051,34.306467],[-82.098197,34.306544],[-82.098329,34.306566],[-82.098449,34.306555],[-82.098727,34.306423],[-82.099018,34.306346],[-82.09935,34.306324],[-82.099522,34.306334],[-82.09972,34.3064],[-82.100092,34.306576],[-82.100383,34.306642],[-82.100569,34.306785],[-82.100675,34.30684],[-82.101072,34.306961],[-82.101244,34.307081],[-82.101244,34.307257],[-82.101139,34.307576],[-82.101178,34.30762],[-82.101258,34.30762],[-82.101642,34.307323],[-82.101735,34.307213],[-82.101827,34.307147],[-82.102039,34.307147],[-82.102225,34.307257],[-82.102477,34.307466],[-82.102941,34.307675],[-82.103338,34.307773],[-82.103523,34.307894],[-82.103643,34.308059],[-82.103829,34.30862],[-82.103895,34.308895],[-82.103975,34.309411],[-82.10412,34.309659],[-82.104306,34.309906],[-82.104465,34.309994],[-82.104465,34.309796],[-82.104279,34.309521],[-82.10424,34.309257],[-82.104345,34.308982],[-82.104465,34.308861],[-82.104557,34.308806],[-82.104637,34.308784],[-82.104928,34.308751],[-82.105379,34.308784],[-82.105869,34.308795],[-82.10675,34.308772],[-82.107015,34.308717],[-82.107187,34.308734],[-82.10732,34.308822],[-82.107465,34.308855],[-82.107929,34.30881],[-82.1083,34.308843],[-82.108605,34.308931],[-82.10879,34.308953],[-82.109214,34.308909],[-82.109413,34.308942],[-82.109506,34.308898],[-82.109731,34.308843],[-82.10997,34.308821],[-82.110129,34.30882],[-82.110248,34.308842],[-82.110473,34.308963],[-82.110619,34.309018],[-82.110765,34.309106],[-82.111056,34.309469],[-82.11148,34.309897],[-82.111547,34.310007],[-82.111573,34.310084],[-82.1116,34.310348],[-82.111772,34.310799],[-82.111773,34.310887],[-82.111746,34.310986],[-82.111706,34.311041],[-82.111653,34.31126],[-82.111548,34.311425],[-82.111574,34.311524],[-82.111607,34.311552],[-82.111905,34.311458],[-82.111958,34.311414],[-82.112038,34.311271],[-82.112144,34.311161],[-82.11221,34.311117],[-82.112289,34.311106],[-82.112409,34.31115],[-82.112501,34.311249],[-82.112528,34.311337],[-82.112568,34.311392],[-82.112621,34.311436],[-82.112886,34.311502],[-82.112992,34.311238],[-82.112978,34.311161],[-82.112872,34.311051],[-82.112806,34.311029],[-82.112647,34.310897],[-82.112514,34.310666],[-82.112448,34.310458],[-82.112488,34.310227],[-82.112501,34.309875],[-82.112633,34.309501],[-82.112699,34.30938],[-82.112779,34.309303],[-82.112964,34.309182],[-82.113176,34.309083],[-82.113308,34.30905],[-82.113997,34.308951],[-82.114117,34.308907],[-82.114885,34.308752],[-82.115468,34.308708],[-82.115614,34.308719],[-82.115693,34.308752],[-82.115879,34.308774],[-82.116038,34.30873],[-82.116144,34.30873],[-82.116197,34.308763],[-82.116289,34.308774],[-82.116541,34.308697],[-82.116978,34.308521],[-82.117521,34.308388],[-82.117879,34.30841],[-82.117998,34.308443],[-82.118078,34.308498],[-82.118104,34.308586],[-82.118078,34.308817],[-82.117959,34.30896],[-82.117694,34.309169],[-82.117614,34.309268],[-82.117588,34.309334],[-82.117562,34.309554],[-82.117495,34.309719],[-82.117496,34.309774],[-82.117562,34.309917],[-82.117588,34.31007],[-82.117562,34.310279],[-82.117615,34.310312],[-82.117668,34.310268],[-82.11784,34.310037],[-82.117933,34.309971],[-82.118012,34.309883],[-82.118039,34.309784],[-82.118025,34.309531],[-82.118091,34.309312],[-82.11829,34.309103],[-82.118621,34.308861],[-82.118939,34.308684],[-82.119072,34.308651],[-82.11931,34.308629],[-82.119721,34.308651],[-82.119787,34.308673],[-82.119946,34.308673],[-82.120065,34.308651],[-82.120131,34.308607],[-82.120198,34.308519],[-82.120277,34.308266],[-82.120383,34.3082],[-82.120714,34.308222],[-82.120926,34.308255],[-82.121006,34.308299],[-82.121006,34.308409],[-82.120979,34.308518],[-82.120939,34.308574],[-82.120794,34.308684],[-82.120754,34.308738],[-82.120741,34.308815],[-82.120781,34.308958],[-82.120966,34.309101],[-82.121298,34.309189],[-82.121377,34.309277],[-82.121404,34.309574],[-82.12147,34.309662],[-82.12155,34.309717],[-82.121603,34.309727],[-82.121762,34.309881],[-82.121921,34.30987],[-82.122,34.309826],[-82.122086,34.309826],[-82.122199,34.309936],[-82.122252,34.310035],[-82.122345,34.310112],[-82.12253,34.310222],[-82.12269,34.310354],[-82.122809,34.310496],[-82.122915,34.310584],[-82.123061,34.310683],[-82.123154,34.310716],[-82.12322,34.310771],[-82.12326,34.310848],[-82.123246,34.310936],[-82.12318,34.311013],[-82.122995,34.311145],[-82.122982,34.311222],[-82.123061,34.311277],[-82.1233,34.311288],[-82.123472,34.311266],[-82.123962,34.311112],[-82.124148,34.311133],[-82.124293,34.311254],[-82.124466,34.311661],[-82.124572,34.311853],[-82.124841,34.312113],[-82.124887,34.312218],[-82.124933,34.312366],[-82.124973,34.312636],[-82.124999,34.312691],[-82.125032,34.31285],[-82.125131,34.31302],[-82.125158,34.313108],[-82.125184,34.313389],[-82.125118,34.313609],[-82.125217,34.313823],[-82.125223,34.313966],[-82.125184,34.314048],[-82.125091,34.314153],[-82.125051,34.314274],[-82.125084,34.314323],[-82.125256,34.314389],[-82.125316,34.314461],[-82.125342,34.314516],[-82.125362,34.314747],[-82.125362,34.315087],[-82.125255,34.315461],[-82.125196,34.315577],[-82.12509,34.315686],[-82.12497,34.31578],[-82.124844,34.315829],[-82.124694,34.315871],[-82.124469,34.315883],[-82.124018,34.315822],[-82.123773,34.315828],[-82.123767,34.315855],[-82.124045,34.316042],[-82.124138,34.316152],[-82.124125,34.316218],[-82.124058,34.316339],[-82.124111,34.316394],[-82.124416,34.316372],[-82.124588,34.316405],[-82.124694,34.316493],[-82.124708,34.316537],[-82.124668,34.316614],[-82.124695,34.316735],[-82.124774,34.316855],[-82.124788,34.317229],[-82.124843,34.317363],[-82.124942,34.317539],[-82.125115,34.317649],[-82.125207,34.317737],[-82.125207,34.317792],[-82.125247,34.317847],[-82.125326,34.318199],[-82.125392,34.31832],[-82.125617,34.318474],[-82.12575,34.318606],[-82.125842,34.318771],[-82.125842,34.318837],[-82.125803,34.318958],[-82.125517,34.319221],[-82.125398,34.319298],[-82.125305,34.319331],[-82.125279,34.319364],[-82.125319,34.319397],[-82.125398,34.319419],[-82.125451,34.319496],[-82.125517,34.319529],[-82.125994,34.319551],[-82.12606,34.319595],[-82.126285,34.319925],[-82.126391,34.320222],[-82.126418,34.320365],[-82.126391,34.320607],[-82.126325,34.320761],[-82.126218,34.320893],[-82.126112,34.321178],[-82.126046,34.321277],[-82.126033,34.321332],[-82.126092,34.321695],[-82.126065,34.322223],[-82.126025,34.322531],[-82.125919,34.322838],[-82.125799,34.323036],[-82.125799,34.323124],[-82.125905,34.323377],[-82.125905,34.323531],[-82.125852,34.323608],[-82.125852,34.323674],[-82.125892,34.323707],[-82.126024,34.323685],[-82.126104,34.323597],[-82.126157,34.323443],[-82.126197,34.323223],[-82.126303,34.323004],[-82.126475,34.322894],[-82.126542,34.322817],[-82.126595,34.322685],[-82.126727,34.322487],[-82.12678,34.322355],[-82.126966,34.322174],[-82.126993,34.322097],[-82.127032,34.322064],[-82.127126,34.321657],[-82.127186,34.32125],[-82.127279,34.320877],[-82.127332,34.320778],[-82.127398,34.320701],[-82.127637,34.320547],[-82.127941,34.320492],[-82.12814,34.320492],[-82.128312,34.320525],[-82.128379,34.320547],[-82.128538,34.320668],[-82.12863,34.320701],[-82.129253,34.320856],[-82.129743,34.32118],[-82.129928,34.321246],[-82.130048,34.321312],[-82.130339,34.321521],[-82.130478,34.321554],[-82.130743,34.321675],[-82.130942,34.321796],[-82.131087,34.321917],[-82.13122,34.322093],[-82.131286,34.322236],[-82.131339,34.322566],[-82.131312,34.322819],[-82.131232,34.322973],[-82.131087,34.323149],[-82.131087,34.323215],[-82.131179,34.323259],[-82.131497,34.323237],[-82.131524,34.323248],[-82.131616,34.323325],[-82.131736,34.323468],[-82.131842,34.323523],[-82.132093,34.323611],[-82.132199,34.323715],[-82.132239,34.323825],[-82.132279,34.323869],[-82.132418,34.323957],[-82.132563,34.324001],[-82.132762,34.324111],[-82.133027,34.324309],[-82.133199,34.324496],[-82.133332,34.324694],[-82.13361,34.324881],[-82.133795,34.325046],[-82.13398,34.325266],[-82.134126,34.325497],[-82.134206,34.325585],[-82.134484,34.325805],[-82.134576,34.325816],[-82.134749,34.325805],[-82.13504,34.325734],[-82.135279,34.325701],[-82.135517,34.325745],[-82.135902,34.325899],[-82.136537,34.32624],[-82.136756,34.326438],[-82.136756,34.32646],[-82.136822,34.326526],[-82.137034,34.326834],[-82.137153,34.326944],[-82.137259,34.32712],[-82.137338,34.32734],[-82.137365,34.327505],[-82.137365,34.327691],[-82.137577,34.327895],[-82.13763,34.328016],[-82.137669,34.328159],[-82.137682,34.328456],[-82.137914,34.328632],[-82.138007,34.328775],[-82.138033,34.328885],[-82.138007,34.329192],[-82.138059,34.329269],[-82.138298,34.329434],[-82.138457,34.329577],[-82.138669,34.329852],[-82.138881,34.33005],[-82.13892,34.330072],[-82.139106,34.330094],[-82.139278,34.330182],[-82.139371,34.330292],[-82.139477,34.330578],[-82.13953,34.330622],[-82.139583,34.330633],[-82.139596,34.330578],[-82.13957,34.330314],[-82.139543,34.330259],[-82.139543,34.330116],[-82.139583,34.330083],[-82.139623,34.330084],[-82.139835,34.330204],[-82.139967,34.330237],[-82.14002,34.330227],[-82.140034,34.330194],[-82.139914,34.330029],[-82.139742,34.329897],[-82.13957,34.329732],[-82.139464,34.329589],[-82.139371,34.32938],[-82.139213,34.329127],[-82.13908,34.328852],[-82.139014,34.328632],[-82.139047,34.328225],[-82.138995,34.328049],[-82.138889,34.327863],[-82.138875,34.327786],[-82.138849,34.327763],[-82.13877,34.327401],[-82.13869,34.327203],[-82.138664,34.327181],[-82.138611,34.327016],[-82.138638,34.326818],[-82.138691,34.32673],[-82.138717,34.326488],[-82.138744,34.326433],[-82.138863,34.326334],[-82.138903,34.326334],[-82.139035,34.326279],[-82.139599,34.326181],[-82.13997,34.326181],[-82.140221,34.326164],[-82.140288,34.326142],[-82.140858,34.326099],[-82.141295,34.326132],[-82.141573,34.326198],[-82.141964,34.326363],[-82.142189,34.326484],[-82.142586,34.326781],[-82.142692,34.326896],[-82.142812,34.327083],[-82.143037,34.327567],[-82.143222,34.328051],[-82.14342,34.328348],[-82.143593,34.328502],[-82.143944,34.3287],[-82.144129,34.328876],[-82.144341,34.32915],[-82.14446,34.329249],[-82.144606,34.329327],[-82.144752,34.329371],[-82.144871,34.329382],[-82.145083,34.32936],[-82.145467,34.329255],[-82.145626,34.329277],[-82.145998,34.329211],[-82.14617,34.329212],[-82.146329,34.329234],[-82.146594,34.329333],[-82.146753,34.329443],[-82.146938,34.329608],[-82.147004,34.32964],[-82.14719,34.329674],[-82.147376,34.32974],[-82.147601,34.329861],[-82.147906,34.329993],[-82.148064,34.330163],[-82.148197,34.330251],[-82.148343,34.330284],[-82.148621,34.330284],[-82.14878,34.330306],[-82.148846,34.330339],[-82.148992,34.330449],[-82.149085,34.33057],[-82.149085,34.330614],[-82.149138,34.330691],[-82.149151,34.330746],[-82.149283,34.330834],[-82.149714,34.330944],[-82.14978,34.330977],[-82.149833,34.330977],[-82.149913,34.331021],[-82.150231,34.331098],[-82.150257,34.33112],[-82.150761,34.331225],[-82.151039,34.331335],[-82.151132,34.331423],[-82.151172,34.331489],[-82.151198,34.331632],[-82.151171,34.331708],[-82.150986,34.331917],[-82.150866,34.332115],[-82.150866,34.332269],[-82.150787,34.332819],[-82.150588,34.332989],[-82.150588,34.333077],[-82.15066,34.333297],[-82.150727,34.333346],[-82.150965,34.333412],[-82.151045,34.333457],[-82.151257,34.333665],[-82.151296,34.333665],[-82.151376,34.333588],[-82.151402,34.333512],[-82.151442,34.333479],[-82.151548,34.333479],[-82.151575,34.333457],[-82.151575,34.333424],[-82.151522,34.333358],[-82.151396,34.333264],[-82.15133,34.333171],[-82.151317,34.333105],[-82.151343,34.332566],[-82.15141,34.332335],[-82.151449,34.332291],[-82.151529,34.332093],[-82.151741,34.33183],[-82.151887,34.33172],[-82.151993,34.331665],[-82.152086,34.331643],[-82.152258,34.331643],[-82.152669,34.331698],[-82.153119,34.331654],[-82.153226,34.331665],[-82.154007,34.331902],[-82.154113,34.33199],[-82.15418,34.33211],[-82.154219,34.33211],[-82.154365,34.332045],[-82.154405,34.332089],[-82.154378,34.332374],[-82.154444,34.332539],[-82.154584,34.332699],[-82.154855,34.332957],[-82.15508,34.333111],[-82.155147,34.333111],[-82.155173,34.333089],[-82.155173,34.333023],[-82.155094,34.332858],[-82.154988,34.332737],[-82.154974,34.332594],[-82.154988,34.332539],[-82.155014,34.332517],[-82.155081,34.332506],[-82.155147,34.33255],[-82.155173,34.332638],[-82.155239,34.332682],[-82.155465,34.332638],[-82.155637,34.332638],[-82.156286,34.332699],[-82.15675,34.332688],[-82.157466,34.33271],[-82.157651,34.332765],[-82.15781,34.332864],[-82.157969,34.333051],[-82.158009,34.333128],[-82.158056,34.333183],[-82.158135,34.333227],[-82.158175,34.333216],[-82.158221,34.333161],[-82.158195,34.333007],[-82.158155,34.33293],[-82.158182,34.332732],[-82.158261,34.332623],[-82.158394,34.332535],[-82.158937,34.33243],[-82.159348,34.332452],[-82.159494,34.332441],[-82.159534,34.33243],[-82.159653,34.332309],[-82.159838,34.332277],[-82.160024,34.332167],[-82.160488,34.332068],[-82.160673,34.332068],[-82.160952,34.332123],[-82.161097,34.3322],[-82.161296,34.332381],[-82.161402,34.332392],[-82.161468,34.332293],[-82.161469,34.33226],[-82.161508,34.332227],[-82.161535,34.332073],[-82.161601,34.331964],[-82.161853,34.331821],[-82.162038,34.331777],[-82.162304,34.331744],[-82.162423,34.331766],[-82.162449,34.331788],[-82.162502,34.331788],[-82.162622,34.331766],[-82.162794,34.331678],[-82.162926,34.331667],[-82.163086,34.331689],[-82.163351,34.331601],[-82.163523,34.331601],[-82.163722,34.331634],[-82.163867,34.331628],[-82.164517,34.331332],[-82.164676,34.331277],[-82.164861,34.331244],[-82.165007,34.331277],[-82.1651,34.331332],[-82.16518,34.331343],[-82.165272,34.331332],[-82.165325,34.331299],[-82.165604,34.331222],[-82.165948,34.3312],[-82.166438,34.331261],[-82.166743,34.331173],[-82.16681,34.331206],[-82.166929,34.331338],[-82.167048,34.331393],[-82.167128,34.331404],[-82.167379,34.331535],[-82.167883,34.331909],[-82.168082,34.332118],[-82.168108,34.332173],[-82.168161,34.332217],[-82.168161,34.33225],[-82.1684,34.332426],[-82.168545,34.332657],[-82.168737,34.333196],[-82.16875,34.333438],[-82.168724,34.333657],[-82.168605,34.333811],[-82.168432,34.333976],[-82.168366,34.334141],[-82.168273,34.334603],[-82.168247,34.334625],[-82.168207,34.334757],[-82.168286,34.334823],[-82.168512,34.334801],[-82.168565,34.334779],[-82.168697,34.334779],[-82.168922,34.334812],[-82.169015,34.3349],[-82.169068,34.334999],[-82.169095,34.335263],[-82.169134,34.335384],[-82.169154,34.335911],[-82.169194,34.335966],[-82.169194,34.33601],[-82.169287,34.336186],[-82.16934,34.336346],[-82.169366,34.336598],[-82.169339,34.336884],[-82.169353,34.336972],[-82.169366,34.337005],[-82.169512,34.337115],[-82.169578,34.337192],[-82.169631,34.337313],[-82.169777,34.337423],[-82.169869,34.337522],[-82.169975,34.337703],[-82.170042,34.337973],[-82.170075,34.338478],[-82.170167,34.338698],[-82.170167,34.338753],[-82.170121,34.338891],[-82.169869,34.339105],[-82.169816,34.339187],[-82.16973,34.339418],[-82.169723,34.339886],[-82.169683,34.340199],[-82.169405,34.340804],[-82.169285,34.341144],[-82.169126,34.341722],[-82.169126,34.341969],[-82.169199,34.342013],[-82.169418,34.342035],[-82.169524,34.342084],[-82.169603,34.342167],[-82.16963,34.342293],[-82.169663,34.342343],[-82.169895,34.342513],[-82.17014,34.342585],[-82.170226,34.342662],[-82.170292,34.34275],[-82.170352,34.342975],[-82.170365,34.343162],[-82.170412,34.343365],[-82.170723,34.344228],[-82.170696,34.344525],[-82.170636,34.344663],[-82.170583,34.344729],[-82.170517,34.344888],[-82.17055,34.344948],[-82.170637,34.344987],[-82.170868,34.345031],[-82.170994,34.34508],[-82.171133,34.345223],[-82.171153,34.345284],[-82.17114,34.345515],[-82.171166,34.345586],[-82.171226,34.345707],[-82.171412,34.345938],[-82.171604,34.34624],[-82.171763,34.346526],[-82.171895,34.346845],[-82.171915,34.346988],[-82.171882,34.347197],[-82.171531,34.348164],[-82.171444,34.348505],[-82.171351,34.34878],[-82.171318,34.349033],[-82.171338,34.349384],[-82.171411,34.349615],[-82.171484,34.349753],[-82.171689,34.349907],[-82.171802,34.349951],[-82.172073,34.350116],[-82.172206,34.350292],[-82.172259,34.350325],[-82.172345,34.350352],[-82.172531,34.350352],[-82.17259,34.350385],[-82.172723,34.350522],[-82.172783,34.350643],[-82.172809,34.351017],[-82.172756,34.351232],[-82.172729,34.351743],[-82.172663,34.351875],[-82.17261,34.351924],[-82.172597,34.351985],[-82.172537,34.352056],[-82.172544,34.352117],[-82.172603,34.352161],[-82.172855,34.352089],[-82.172955,34.352084],[-82.173266,34.3521],[-82.173359,34.352078],[-82.173492,34.35199],[-82.173591,34.351985],[-82.173697,34.352089],[-82.17375,34.352358],[-82.173882,34.352545],[-82.173955,34.352727],[-82.174028,34.352815],[-82.174088,34.352831],[-82.174154,34.352826],[-82.174201,34.352793],[-82.174267,34.352606],[-82.17438,34.352485],[-82.174532,34.352468],[-82.174578,34.35249],[-82.174665,34.352501],[-82.174731,34.352474],[-82.174804,34.352392],[-82.174897,34.352381],[-82.175412,34.353101],[-82.175612,34.353381],[-82.175778,34.353288],[-82.175818,34.353293],[-82.17593,34.353376],[-82.176189,34.353628],[-82.17648,34.354002],[-82.176812,34.354305],[-82.176931,34.354447],[-82.177077,34.354684],[-82.177243,34.355129],[-82.177289,34.35531],[-82.177567,34.356058],[-82.17762,34.356157],[-82.177899,34.35641],[-82.178382,34.357059],[-82.178449,34.357119],[-82.178561,34.357119],[-82.178621,34.357075],[-82.178634,34.35691],[-82.178581,34.356795],[-82.178475,34.356646],[-82.178303,34.356481],[-82.178237,34.356371],[-82.178005,34.355827],[-82.177687,34.354992],[-82.17764,34.354717],[-82.177673,34.354618],[-82.177872,34.354398],[-82.177899,34.354321],[-82.177886,34.354189],[-82.177833,34.35409],[-82.177687,34.353914],[-82.177468,34.353683],[-82.177448,34.35359],[-82.177481,34.353453],[-82.177468,34.353376],[-82.177428,34.353332],[-82.177336,34.353321],[-82.177176,34.353447],[-82.17707,34.353453],[-82.176925,34.353392],[-82.176819,34.353277],[-82.176752,34.353145],[-82.176713,34.352815],[-82.176713,34.352628],[-82.176746,34.352337],[-82.176839,34.352018],[-82.176845,34.351836],[-82.176772,34.351787],[-82.176613,34.351776],[-82.176448,34.351737],[-82.176123,34.351562],[-82.17546,34.351342],[-82.174864,34.351061],[-82.174665,34.35094],[-82.174373,34.350715],[-82.174267,34.3506],[-82.174161,34.350435],[-82.174121,34.350336],[-82.174102,34.350242],[-82.174108,34.350127],[-82.174201,34.350028],[-82.174294,34.350006],[-82.174466,34.350094],[-82.174605,34.350149],[-82.174632,34.350143],[-82.174652,34.350094],[-82.174546,34.349852],[-82.174539,34.349687],[-82.174625,34.349577],[-82.174718,34.349522],[-82.174731,34.349423],[-82.174652,34.349302],[-82.17438,34.349137],[-82.174314,34.348994],[-82.174281,34.348802],[-82.174188,34.348555],[-82.174115,34.348258],[-82.174049,34.347532],[-82.174115,34.347334],[-82.174732,34.346796],[-82.174725,34.346697],[-82.174679,34.346675],[-82.174361,34.346719],[-82.174215,34.346719],[-82.174096,34.346697],[-82.174003,34.346636],[-82.173976,34.346598],[-82.173937,34.346411],[-82.17399,34.345971],[-82.17397,34.345801],[-82.173877,34.345564],[-82.173844,34.345394],[-82.173857,34.3453],[-82.173844,34.345245],[-82.173791,34.345179],[-82.173658,34.345135],[-82.17342,34.344954],[-82.173228,34.344657],[-82.173135,34.344443],[-82.173056,34.343992],[-82.17295,34.343624],[-82.172791,34.343365],[-82.172698,34.343135],[-82.172711,34.342937],[-82.172817,34.342552],[-82.172797,34.342425],[-82.172718,34.3422],[-82.172691,34.342046],[-82.172705,34.341837],[-82.173129,34.34142],[-82.173209,34.341211],[-82.173189,34.340864],[-82.173036,34.340397],[-82.173017,34.339913],[-82.173109,34.339529],[-82.173116,34.339193],[-82.173242,34.338891],[-82.173282,34.338847],[-82.173322,34.338682],[-82.173242,34.338627],[-82.17311,34.338594],[-82.172911,34.33849],[-82.172805,34.338374],[-82.172725,34.338253],[-82.172699,34.338176],[-82.172659,34.338143],[-82.172566,34.337857],[-82.172401,34.337484],[-82.171884,34.336621],[-82.171732,34.336197],[-82.171652,34.33578],[-82.171547,34.334774],[-82.17156,34.334675],[-82.171646,34.334603],[-82.171679,34.334598],[-82.172063,34.334658],[-82.172435,34.334768],[-82.172686,34.334801],[-82.173031,34.33479],[-82.17321,34.334746],[-82.173309,34.334653],[-82.173415,34.334427],[-82.173528,34.334345],[-82.173561,34.334339],[-82.174157,34.334559],[-82.174542,34.334664],[-82.174714,34.334686],[-82.17482,34.334686],[-82.175065,34.334647],[-82.175469,34.334526],[-82.175628,34.334499],[-82.176258,34.334527],[-82.176463,34.334466],[-82.176596,34.3344],[-82.17698,34.334345],[-82.177961,34.334428],[-82.178067,34.334417],[-82.178233,34.334312],[-82.178591,34.334246],[-82.178836,34.334164],[-82.179147,34.334125],[-82.179604,34.333999],[-82.179909,34.333949],[-82.180108,34.333818],[-82.180214,34.333785],[-82.180559,34.33373],[-82.180731,34.333587],[-82.180824,34.333554],[-82.181095,34.333526],[-82.181248,34.333488],[-82.18142,34.333411],[-82.181553,34.333334],[-82.181778,34.333119],[-82.181944,34.332861],[-82.182043,34.332603],[-82.182076,34.332399],[-82.182116,34.332311],[-82.182222,34.332168],[-82.182487,34.331954],[-82.182673,34.331866],[-82.182818,34.331833],[-82.18317,34.331828],[-82.183547,34.331899],[-82.183746,34.33202],[-82.183865,34.332119],[-82.184104,34.332372],[-82.18413,34.332427],[-82.18425,34.332559],[-82.184362,34.332839],[-82.184402,34.333075],[-82.184382,34.333773],[-82.184402,34.333845],[-82.184475,34.3339],[-82.184548,34.333856],[-82.184654,34.333625],[-82.184753,34.333537],[-82.184853,34.333526],[-82.184899,34.333559],[-82.184925,34.333653],[-82.184866,34.3339],[-82.18472,34.334296],[-82.184733,34.334373],[-82.184813,34.334395],[-82.184906,34.334274],[-82.184945,34.334263],[-82.185144,34.334274],[-82.18521,34.334246],[-82.185277,34.334114],[-82.185316,34.333949],[-82.185383,34.333861],[-82.185528,34.333806],[-82.185833,34.333806],[-82.185886,34.333773],[-82.185873,34.333048],[-82.18576,34.332454],[-82.185707,34.332333],[-82.185641,34.332201],[-82.185495,34.332102],[-82.185138,34.331992],[-82.184687,34.33191],[-82.184528,34.331866],[-82.184329,34.331734],[-82.184144,34.331492],[-82.184064,34.331481],[-82.183985,34.331437],[-82.183892,34.331327],[-82.183826,34.331283],[-82.183534,34.331206],[-82.183362,34.331086],[-82.183282,34.331064],[-82.183189,34.331064],[-82.18209,34.331322],[-82.181758,34.331476],[-82.181559,34.331597],[-82.181533,34.331597],[-82.181294,34.331751],[-82.18095,34.331883],[-82.180817,34.332003],[-82.180552,34.33219],[-82.18034,34.332267],[-82.180221,34.3323],[-82.179982,34.332322],[-82.179624,34.332251],[-82.179346,34.332273],[-82.179068,34.332339],[-82.179041,34.332361],[-82.178657,34.332405],[-82.178259,34.332526],[-82.177981,34.332504],[-82.177835,34.332438],[-82.177637,34.332262],[-82.177637,34.33224],[-82.177544,34.33213],[-82.177464,34.33191],[-82.177425,34.331888],[-82.177279,34.331888],[-82.177146,34.331833],[-82.177067,34.331778],[-82.176987,34.331696],[-82.176987,34.331674],[-82.176855,34.331509],[-82.176709,34.331212],[-82.176669,34.33108],[-82.17663,34.331058],[-82.176537,34.331058],[-82.176219,34.331124],[-82.175887,34.331157],[-82.175636,34.331212],[-82.175503,34.331223],[-82.17541,34.33119],[-82.175344,34.331201],[-82.175172,34.331278],[-82.17492,34.331454],[-82.174748,34.33152],[-82.174403,34.331542],[-82.174218,34.331569],[-82.174085,34.331613],[-82.17386,34.331646],[-82.17378,34.331591],[-82.173701,34.331503],[-82.173634,34.33136],[-82.173568,34.33114],[-82.173489,34.331052],[-82.173237,34.33092],[-82.173131,34.330821],[-82.173005,34.330568],[-82.172992,34.330217],[-82.172899,34.33014],[-82.1727,34.330052],[-82.172621,34.329975],[-82.172608,34.329931],[-82.172515,34.32981],[-82.172409,34.329414],[-82.172383,34.329095],[-82.172197,34.328721],[-82.172171,34.328612],[-82.172118,34.328546],[-82.171972,34.328469],[-82.171932,34.328403],[-82.171846,34.328348],[-82.171594,34.328271],[-82.171475,34.328188],[-82.171449,34.328144],[-82.171396,34.327957],[-82.171369,34.327748],[-82.171409,34.327628],[-82.171594,34.327424],[-82.171793,34.327237],[-82.172098,34.327028],[-82.172217,34.326984],[-82.172403,34.326952],[-82.173278,34.32693],[-82.174139,34.32688],[-82.17451,34.32688],[-82.174709,34.326924],[-82.174907,34.326913],[-82.175332,34.326825],[-82.176113,34.326748],[-82.176803,34.326556],[-82.177054,34.326501],[-82.177346,34.326468],[-82.177505,34.326479],[-82.177571,34.326512],[-82.177849,34.326765],[-82.177955,34.326787],[-82.178008,34.326765],[-82.177969,34.326655],[-82.177995,34.326369],[-82.178114,34.32627],[-82.178273,34.32627],[-82.178658,34.326325],[-82.178804,34.326314],[-82.179214,34.326171],[-82.179188,34.326116],[-82.179135,34.326083],[-82.178936,34.326105],[-82.17887,34.326094],[-82.178784,34.326028],[-82.178757,34.325973],[-82.17881,34.325863],[-82.178983,34.32572],[-82.178996,34.325655],[-82.178969,34.325622],[-82.178903,34.3256],[-82.178863,34.325611],[-82.178532,34.325599],[-82.178413,34.325479],[-82.178373,34.32538],[-82.178307,34.325325],[-82.178095,34.325534],[-82.178015,34.325589],[-82.177803,34.325698],[-82.177551,34.325775],[-82.177432,34.325764],[-82.177313,34.325632],[-82.177233,34.325599],[-82.176915,34.325621],[-82.176677,34.32566],[-82.176147,34.325924],[-82.175895,34.32599],[-82.175524,34.326012],[-82.175299,34.325968],[-82.175193,34.325891],[-82.175153,34.325891],[-82.174934,34.326111],[-82.174815,34.326177],[-82.174431,34.326242],[-82.174258,34.326243],[-82.17406,34.326204],[-82.173781,34.326127],[-82.172953,34.325797],[-82.172834,34.325698],[-82.172582,34.325434],[-82.172436,34.325379],[-82.172317,34.325357],[-82.171496,34.325291],[-82.170979,34.325165],[-82.170449,34.325143],[-82.169866,34.325176],[-82.169534,34.325264],[-82.169442,34.325308],[-82.169097,34.325363],[-82.168752,34.325335],[-82.168501,34.325269],[-82.168209,34.325225],[-82.167971,34.325247],[-82.167626,34.325247],[-82.1676,34.325225],[-82.1676,34.325093],[-82.167626,34.32506],[-82.16805,34.324994],[-82.168156,34.324928],[-82.168183,34.324862],[-82.168236,34.324807],[-82.168249,34.324752],[-82.168421,34.324532],[-82.168501,34.324412],[-82.168501,34.324379],[-82.168382,34.324324],[-82.168382,34.324115],[-82.168209,34.324247],[-82.167626,34.324587],[-82.167322,34.324818],[-82.167295,34.324851],[-82.167282,34.324939],[-82.167295,34.324972],[-82.167401,34.32506],[-82.167388,34.325258],[-82.167109,34.325445],[-82.16699,34.325566],[-82.166937,34.325676],[-82.166924,34.32594],[-82.166937,34.325995],[-82.16705,34.326115],[-82.16742,34.326302],[-82.167791,34.326434],[-82.167897,34.326522],[-82.167964,34.326621],[-82.167937,34.326676],[-82.167765,34.326797],[-82.167566,34.326907],[-82.16742,34.326962],[-82.167062,34.327072],[-82.166943,34.327072],[-82.166758,34.327039],[-82.166718,34.32705],[-82.166665,34.327105],[-82.166678,34.327193],[-82.166758,34.327391],[-82.16697,34.327721],[-82.167128,34.328039],[-82.167155,34.328138],[-82.167168,34.328292],[-82.167142,34.328391],[-82.166989,34.328589],[-82.166857,34.328666],[-82.166393,34.328831],[-82.165969,34.328913],[-82.165677,34.328957],[-82.165134,34.329001],[-82.164577,34.328979],[-82.164299,34.329122],[-82.164233,34.329133],[-82.163954,34.329122],[-82.163822,34.329144],[-82.163716,34.329089],[-82.163636,34.328973],[-82.16357,34.328918],[-82.163517,34.328929],[-82.163464,34.329006],[-82.163411,34.329039],[-82.162921,34.32916],[-82.162748,34.329248],[-82.162709,34.329248],[-82.162404,34.329424],[-82.162178,34.32949],[-82.16186,34.329479],[-82.161589,34.329517],[-82.161211,34.329622],[-82.160959,34.32966],[-82.160032,34.329737],[-82.15974,34.329803],[-82.159713,34.329825],[-82.159554,34.329869],[-82.159316,34.329902],[-82.159024,34.32999],[-82.158799,34.330034],[-82.158335,34.330028],[-82.158203,34.330061],[-82.15803,34.330204],[-82.157924,34.330259],[-82.157805,34.330281],[-82.157593,34.330259],[-82.157023,34.330061],[-82.156586,34.330006],[-82.155552,34.329978],[-82.155221,34.329879],[-82.155075,34.329868],[-82.154876,34.329901],[-82.154664,34.329912],[-82.154518,34.329868],[-82.154505,34.329813],[-82.154518,34.32978],[-82.154558,34.329758],[-82.154664,34.329736],[-82.154677,34.329703],[-82.154651,34.329648],[-82.154678,34.329637],[-82.154545,34.329527],[-82.154519,34.329538],[-82.154479,34.329505],[-82.154399,34.329494],[-82.154307,34.329516],[-82.15428,34.329538],[-82.153922,34.329593],[-82.153551,34.329615],[-82.153392,34.329604],[-82.153233,34.329527],[-82.15314,34.329444],[-82.153087,34.329356],[-82.153008,34.329301],[-82.152756,34.329268],[-82.152332,34.329158],[-82.152266,34.329125],[-82.152067,34.328982],[-82.151882,34.328718],[-82.15165,34.328125],[-82.151504,34.328026],[-82.151425,34.328015],[-82.151226,34.327927],[-82.150948,34.327861],[-82.150882,34.327828],[-82.150815,34.327773],[-82.150776,34.327707],[-82.150749,34.327542],[-82.150723,34.32752],[-82.150537,34.327509],[-82.150338,34.327459],[-82.150299,34.327426],[-82.150272,34.327426],[-82.15006,34.327261],[-82.149875,34.327041],[-82.149822,34.326931],[-82.149795,34.326788],[-82.149835,34.32647],[-82.149942,34.326184],[-82.150014,34.326118],[-82.150054,34.326041],[-82.150041,34.325953],[-82.150014,34.325953],[-82.149935,34.326008],[-82.149796,34.326195],[-82.149504,34.326403],[-82.149464,34.326524],[-82.149411,34.32659],[-82.149345,34.326634],[-82.149093,34.326722],[-82.148643,34.326799],[-82.148563,34.326854],[-82.148563,34.326942],[-82.148656,34.327019],[-82.148682,34.327107],[-82.148616,34.32714],[-82.148298,34.327195],[-82.148258,34.327184],[-82.148165,34.327107],[-82.148126,34.327052],[-82.1479,34.326975],[-82.147847,34.326931],[-82.147768,34.326837],[-82.147728,34.326606],[-82.147702,34.32654],[-82.147649,34.326485],[-82.147371,34.326331],[-82.147291,34.326342],[-82.147225,34.326386],[-82.147079,34.326408],[-82.146933,34.326331],[-82.146854,34.326243],[-82.146794,34.325979],[-82.146848,34.325705],[-82.146887,34.32565],[-82.146901,34.325584],[-82.146808,34.325419],[-82.146781,34.325287],[-82.146715,34.325232],[-82.146556,34.325298],[-82.14649,34.325276],[-82.146463,34.325254],[-82.146437,34.325089],[-82.146437,34.325012],[-82.146503,34.324869],[-82.146503,34.324781],[-82.146596,34.324561],[-82.146543,34.324517],[-82.146239,34.324495],[-82.146186,34.324451],[-82.146159,34.324396],[-82.146186,34.324176],[-82.146252,34.323989],[-82.146418,34.323726],[-82.146405,34.323671],[-82.146338,34.323605],[-82.146299,34.323517],[-82.146259,34.323374],[-82.146259,34.323231],[-82.146272,34.323176],[-82.146312,34.323132],[-82.146299,34.323011],[-82.146339,34.322912],[-82.146485,34.322802],[-82.146498,34.322736],[-82.146458,34.322681],[-82.146405,34.322505],[-82.146419,34.32234],[-82.146485,34.322186],[-82.146657,34.321989],[-82.146697,34.321769],[-82.146671,34.321549],[-82.146545,34.321164],[-82.146466,34.321175],[-82.146413,34.321219],[-82.146379,34.321483],[-82.146339,34.321527],[-82.146207,34.321549],[-82.146167,34.321582],[-82.146154,34.321725],[-82.146088,34.321835],[-82.145968,34.321955],[-82.145849,34.32201],[-82.145716,34.322142],[-82.14569,34.322318],[-82.145637,34.322417],[-82.145518,34.322472],[-82.145411,34.322549],[-82.145345,34.322637],[-82.145252,34.322692],[-82.145027,34.32273],[-82.144868,34.322796],[-82.144523,34.323104],[-82.144218,34.323522],[-82.144086,34.323609],[-82.143807,34.323675],[-82.143542,34.323697],[-82.143317,34.323686],[-82.142721,34.323521],[-82.142244,34.32345],[-82.142032,34.323427],[-82.141886,34.323438],[-82.141687,34.323482],[-82.141462,34.323471],[-82.141396,34.323449],[-82.141237,34.323306],[-82.141184,34.323306],[-82.141038,34.32346],[-82.140998,34.323548],[-82.140905,34.323658],[-82.140786,34.323724],[-82.140548,34.323746],[-82.140177,34.323713],[-82.139872,34.323707],[-82.139474,34.323773],[-82.139196,34.323861],[-82.138937,34.323894],[-82.138646,34.323872],[-82.138308,34.323751],[-82.13807,34.323575],[-82.137911,34.323552],[-82.137553,34.323464],[-82.137394,34.323442],[-82.137222,34.323437],[-82.13701,34.323503],[-82.136864,34.323525],[-82.136798,34.323514],[-82.136718,34.323459],[-82.136692,34.32336],[-82.136718,34.323239],[-82.136758,34.323206],[-82.136771,34.323151],[-82.136957,34.322854],[-82.136957,34.322777],[-82.136891,34.322722],[-82.136639,34.322689],[-82.136387,34.322612],[-82.136096,34.322436],[-82.136003,34.322359],[-82.135884,34.322194],[-82.135844,34.322051],[-82.135898,34.321886],[-82.135858,34.321831],[-82.135805,34.321787],[-82.135633,34.321754],[-82.135301,34.321765],[-82.135182,34.321721],[-82.134997,34.3216],[-82.13493,34.321534],[-82.134871,34.321457],[-82.134844,34.32138],[-82.134738,34.32127],[-82.134672,34.321259],[-82.134593,34.321308],[-82.13454,34.321418],[-82.134374,34.321594],[-82.134228,34.321682],[-82.134122,34.321704],[-82.134016,34.321671],[-82.133897,34.321594],[-82.133904,34.321385],[-82.13393,34.321264],[-82.134129,34.320978],[-82.134315,34.320792],[-82.134341,34.320737],[-82.134341,34.32066],[-82.133957,34.320121],[-82.133812,34.319868],[-82.133732,34.319681],[-82.133693,34.319637],[-82.133613,34.319417],[-82.133614,34.319252],[-82.133653,34.319208],[-82.133686,34.31912],[-82.133766,34.319032],[-82.133872,34.318944],[-82.134164,34.31878],[-82.134257,34.318637],[-82.134349,34.318538],[-82.134469,34.31845],[-82.134774,34.318291],[-82.134893,34.318247],[-82.134946,34.318214],[-82.134972,34.318159],[-82.134933,34.318115],[-82.134893,34.318104],[-82.134708,34.318115],[-82.134389,34.318208],[-82.134018,34.318428],[-82.133713,34.318549],[-82.133674,34.318549],[-82.133647,34.318571],[-82.133356,34.318658],[-82.132958,34.318713],[-82.132521,34.31868],[-82.132083,34.318757],[-82.131712,34.318718],[-82.13154,34.318674],[-82.131395,34.318608],[-82.131368,34.318509],[-82.131461,34.318267],[-82.131435,34.318212],[-82.131395,34.31819],[-82.131302,34.31819],[-82.131103,34.318256],[-82.130798,34.318256],[-82.130494,34.318146],[-82.130242,34.318025],[-82.130004,34.317981],[-82.129871,34.317937],[-82.129646,34.317761],[-82.129593,34.31764],[-82.12962,34.317508],[-82.129686,34.317442],[-82.129832,34.317409],[-82.129858,34.317376],[-82.129845,34.317222],[-82.129898,34.317123],[-82.130018,34.31698],[-82.130044,34.316926],[-82.130044,34.31686],[-82.130004,34.316826],[-82.129819,34.316837],[-82.129726,34.31687],[-82.129527,34.316892],[-82.129408,34.316947],[-82.129329,34.316958],[-82.129236,34.316909],[-82.129183,34.316854],[-82.129137,34.316623],[-82.12919,34.316502],[-82.129243,34.316469],[-82.129256,34.316436],[-82.129243,34.316337],[-82.12919,34.316293],[-82.129177,34.316238],[-82.129111,34.31615],[-82.128687,34.315732],[-82.128661,34.315655],[-82.128674,34.315523],[-82.12878,34.31538],[-82.128807,34.315281],[-82.128661,34.314875],[-82.128688,34.314633],[-82.128615,34.314303],[-82.128642,34.313687],[-82.128563,34.313104],[-82.12859,34.312731],[-82.12863,34.312632],[-82.128669,34.312588],[-82.128709,34.312566],[-82.128895,34.312544],[-82.128974,34.312588],[-82.129146,34.312736],[-82.129186,34.312736],[-82.129186,34.312582],[-82.129213,34.312517],[-82.129199,34.312473],[-82.12912,34.312401],[-82.128464,34.311972],[-82.128372,34.311895],[-82.128345,34.31184],[-82.128345,34.311807],[-82.128518,34.311642],[-82.128796,34.311499],[-82.128876,34.311422],[-82.128876,34.31139],[-82.128929,34.311302],[-82.129048,34.311192],[-82.129101,34.311186],[-82.129194,34.31112],[-82.129154,34.311076],[-82.129101,34.311054],[-82.128995,34.311038],[-82.128545,34.311081],[-82.128412,34.31107],[-82.1282,34.311026],[-82.127949,34.310861],[-82.127816,34.310685],[-82.127816,34.310499],[-82.127697,34.3104],[-82.127644,34.310213],[-82.127472,34.309784],[-82.127413,34.309531],[-82.12732,34.309289],[-82.127373,34.309146],[-82.127321,34.309091],[-82.127082,34.309069],[-82.126897,34.308948],[-82.126778,34.308651],[-82.126738,34.308442],[-82.126725,34.308079],[-82.126765,34.307969],[-82.126858,34.30786],[-82.127004,34.30775],[-82.127096,34.307706],[-82.127984,34.307662],[-82.128024,34.30764],[-82.128024,34.307596],[-82.127971,34.307541],[-82.127468,34.307343],[-82.127143,34.307189],[-82.126971,34.307068],[-82.126905,34.306991],[-82.126905,34.306738],[-82.126971,34.306639],[-82.127038,34.306595],[-82.127316,34.306529],[-82.127528,34.306529],[-82.127594,34.306486],[-82.127554,34.30642],[-82.127409,34.306419],[-82.127289,34.306376],[-82.127051,34.306134],[-82.126985,34.306111],[-82.12676,34.306089],[-82.126535,34.305979],[-82.126376,34.305814],[-82.126363,34.305759],[-82.126336,34.305759],[-82.12627,34.305688],[-82.126164,34.305545],[-82.125952,34.305369],[-82.12582,34.305292],[-82.125793,34.305292],[-82.12574,34.305248],[-82.12529,34.305061],[-82.125118,34.304962],[-82.124992,34.304797],[-82.124966,34.304632],[-82.124966,34.304291],[-82.12494,34.304247],[-82.124907,34.30406],[-82.12484,34.304016],[-82.124732,34.303849],[-82.124712,34.303701],[-82.124752,34.303663],[-82.124845,34.303635],[-82.124907,34.30356],[-82.125093,34.303505],[-82.125152,34.303456],[-82.125106,34.303362],[-82.124861,34.303197],[-82.124844,34.303173],[-82.124347,34.303003],[-82.124155,34.302888],[-82.123983,34.302756],[-82.123917,34.302679],[-82.12385,34.30258],[-82.123824,34.302448],[-82.123863,34.302415],[-82.124022,34.302415],[-82.124248,34.302503],[-82.124539,34.302668],[-82.124672,34.302701],[-82.124751,34.302646],[-82.124844,34.302536],[-82.124861,34.30251],[-82.12504,34.302488],[-82.125146,34.302499],[-82.125305,34.302554],[-82.125438,34.302554],[-82.125524,34.302527],[-82.125743,34.302389],[-82.125921,34.302455],[-82.126054,34.302412],[-82.126219,34.302434],[-82.126392,34.302538],[-82.126464,34.302654],[-82.126636,34.302764],[-82.126815,34.302984],[-82.126875,34.303011],[-82.127054,34.303011],[-82.127166,34.303116],[-82.127285,34.303176],[-82.127345,34.303165],[-82.127438,34.303116],[-82.12753,34.303094],[-82.127941,34.303111],[-82.12812,34.303144],[-82.128292,34.303226],[-82.128378,34.303243],[-82.128497,34.303182],[-82.128577,34.303177],[-82.128676,34.303237],[-82.128809,34.303265],[-82.129021,34.303232],[-82.129445,34.303106],[-82.129504,34.303106],[-82.12967,34.303133],[-82.129988,34.303238],[-82.130293,34.303227],[-82.130571,34.30326],[-82.130889,34.303332],[-82.13122,34.303442],[-82.131485,34.303453],[-82.131796,34.303546],[-82.132048,34.303766],[-82.132206,34.303843],[-82.132312,34.303865],[-82.132458,34.303937],[-82.132577,34.303976],[-82.132842,34.304163],[-82.133001,34.304306],[-82.133094,34.304339],[-82.133134,34.304273],[-82.133081,34.304152],[-82.132842,34.303932],[-82.132803,34.303921],[-82.13263,34.303745],[-82.132353,34.303382],[-82.132326,34.303266],[-82.132339,34.303173],[-82.1323,34.303145],[-82.132101,34.303096],[-82.131558,34.302766],[-82.131452,34.302749],[-82.13132,34.302766],[-82.13122,34.30276],[-82.130949,34.302667],[-82.130677,34.302606],[-82.129882,34.302578],[-82.129611,34.302584],[-82.129028,34.302473],[-82.128425,34.302446],[-82.128001,34.302396],[-82.127822,34.302346],[-82.127578,34.302214],[-82.127525,34.302121],[-82.127505,34.301846],[-82.127551,34.301714],[-82.127684,34.301555],[-82.127624,34.301505],[-82.127253,34.301461],[-82.127035,34.301395],[-82.126889,34.301313],[-82.12679,34.301142],[-82.12675,34.301032],[-82.126671,34.300565],[-82.126592,34.300339],[-82.126559,34.299988],[-82.126579,34.299938],[-82.126692,34.299861],[-82.127189,34.299675],[-82.127414,34.299565],[-82.127566,34.299455],[-82.127792,34.299378],[-82.127838,34.299345],[-82.127918,34.29918],[-82.128057,34.299098],[-82.128149,34.299065],[-82.128448,34.299043],[-82.128752,34.298928],[-82.128832,34.298878],[-82.128832,34.298741],[-82.128766,34.298653],[-82.128541,34.29846],[-82.128528,34.298367],[-82.128548,34.298284],[-82.128587,34.298235],[-82.12868,34.298164],[-82.128799,34.298136],[-82.129111,34.298136],[-82.129488,34.29818],[-82.129687,34.29823],[-82.129839,34.298307],[-82.130077,34.298527],[-82.130296,34.298637],[-82.130448,34.298687],[-82.130647,34.298857],[-82.130898,34.299017],[-82.131044,34.299165],[-82.13113,34.299187],[-82.131395,34.299187],[-82.131673,34.29922],[-82.131845,34.29927],[-82.132071,34.299402],[-82.132216,34.299374],[-82.132441,34.299386],[-82.132554,34.299342],[-82.132812,34.299353],[-82.133064,34.299281],[-82.133402,34.299128],[-82.133899,34.298946],[-82.133998,34.298886],[-82.134144,34.298748],[-82.134197,34.298672],[-82.134244,34.298556],[-82.134257,34.29816],[-82.134198,34.297699],[-82.134198,34.297341],[-82.134145,34.297204],[-82.134119,34.297011],[-82.134411,34.29655],[-82.134397,34.296489],[-82.134271,34.296495],[-82.134139,34.296588],[-82.1339,34.296819],[-82.133675,34.296923],[-82.133582,34.297033],[-82.133416,34.297473],[-82.133416,34.297533],[-82.133383,34.297572],[-82.133363,34.297676],[-82.13335,34.297858],[-82.133356,34.298396],[-82.133376,34.298484],[-82.133277,34.298539],[-82.132733,34.298561],[-82.132435,34.298533],[-82.132323,34.298456],[-82.132144,34.298225],[-82.131886,34.297972],[-82.131747,34.297896],[-82.131429,34.297818],[-82.131317,34.297741],[-82.131297,34.297681],[-82.131197,34.29762],[-82.130754,34.297587],[-82.130562,34.297516],[-82.130456,34.297411],[-82.13033,34.297345],[-82.1298,34.297224],[-82.129562,34.297202],[-82.129469,34.297218],[-82.12933,34.297317],[-82.129211,34.29735],[-82.12882,34.297378],[-82.128727,34.297432],[-82.128581,34.297498],[-82.128356,34.297515],[-82.128005,34.297493],[-82.1278,34.297537],[-82.127515,34.297569],[-82.127462,34.297613],[-82.127296,34.29785],[-82.12713,34.297971],[-82.127064,34.298047],[-82.127117,34.298212],[-82.12713,34.298339],[-82.12711,34.298421],[-82.126984,34.298471],[-82.126547,34.29847],[-82.126328,34.298509],[-82.12601,34.298663],[-82.125891,34.298756],[-82.125884,34.298943],[-82.125825,34.298987],[-82.125633,34.299014],[-82.125268,34.298992],[-82.12507,34.298888],[-82.12499,34.298767],[-82.124904,34.298833],[-82.124841,34.298952],[-82.124762,34.299034],[-82.124259,34.299359],[-82.123928,34.299612],[-82.123808,34.299744],[-82.123782,34.299854],[-82.123835,34.299997],[-82.1241,34.300216],[-82.12414,34.300315],[-82.124127,34.30037],[-82.124047,34.300447],[-82.123955,34.300491],[-82.123796,34.300513],[-82.123703,34.300502],[-82.123637,34.300469],[-82.123531,34.300381],[-82.123411,34.300173],[-82.123319,34.300063],[-82.123173,34.299942],[-82.122908,34.299799],[-82.122643,34.299557],[-82.122139,34.299327],[-82.121377,34.298909],[-82.121145,34.298899],[-82.120629,34.29902],[-82.120152,34.299086],[-82.120086,34.299075],[-82.120006,34.29902],[-82.119953,34.298207],[-82.119873,34.297767],[-82.119899,34.297415],[-82.119965,34.29725],[-82.119938,34.296975],[-82.119965,34.296799],[-82.120071,34.29659],[-82.120004,34.296491],[-82.119991,34.296382],[-82.120057,34.296019],[-82.120097,34.295876],[-82.12015,34.295799],[-82.120309,34.295689],[-82.120587,34.295579],[-82.120732,34.295491],[-82.120746,34.295403],[-82.120653,34.295073],[-82.120706,34.29482],[-82.120639,34.294721],[-82.120599,34.294578],[-82.120639,34.294446],[-82.120732,34.294336],[-82.120983,34.294127],[-82.121036,34.294116],[-82.121102,34.294072],[-82.121102,34.293951],[-82.121195,34.293819],[-82.121208,34.293764],[-82.121129,34.293764],[-82.120731,34.293874],[-82.120625,34.293842],[-82.120347,34.293644],[-82.120268,34.293567],[-82.120241,34.293512],[-82.120069,34.293347],[-82.120002,34.293303],[-82.11991,34.293281],[-82.119897,34.293347],[-82.11995,34.293435],[-82.120069,34.293545],[-82.120162,34.293666],[-82.120453,34.293886],[-82.120506,34.293952],[-82.120506,34.29427],[-82.120453,34.294336],[-82.120202,34.294512],[-82.120162,34.294611],[-82.120189,34.294908],[-82.120149,34.294974],[-82.120057,34.295029],[-82.119884,34.295095],[-82.119845,34.295128],[-82.1196,34.295161],[-82.11954,34.295271],[-82.119315,34.295414],[-82.119262,34.2957],[-82.118971,34.295865],[-82.118746,34.296074],[-82.118746,34.296129],[-82.118998,34.296322],[-82.119024,34.296393],[-82.119038,34.29713],[-82.118985,34.297306],[-82.118853,34.297405],[-82.118747,34.297427],[-82.118137,34.29746],[-82.117939,34.297504],[-82.11766,34.297691],[-82.117594,34.297702],[-82.117448,34.297669],[-82.117409,34.297636],[-82.117316,34.297614],[-82.117263,34.29757],[-82.117197,34.297548],[-82.116932,34.297471],[-82.116773,34.29745],[-82.116852,34.297548],[-82.117104,34.297669],[-82.117382,34.297878],[-82.117475,34.2979],[-82.117528,34.297933],[-82.117767,34.297955],[-82.118151,34.2979],[-82.11831,34.297922],[-82.118416,34.297998],[-82.118628,34.298229],[-82.118893,34.298383],[-82.118946,34.298493],[-82.118946,34.298636],[-82.118747,34.298845],[-82.118721,34.298966],[-82.118748,34.299065],[-82.11888,34.299241],[-82.118907,34.299383],[-82.118721,34.29957],[-82.118721,34.299647],[-82.118801,34.29968],[-82.119053,34.299669],[-82.119172,34.299713],[-82.119225,34.299768],[-82.119305,34.299988],[-82.119397,34.300065],[-82.11949,34.300087],[-82.119689,34.300076],[-82.120166,34.299955],[-82.120431,34.299921],[-82.120815,34.299976],[-82.121119,34.300053],[-82.121239,34.300119],[-82.121464,34.300306],[-82.12157,34.30047],[-82.121597,34.300569],[-82.121584,34.300668],[-82.121438,34.300789],[-82.120921,34.300922],[-82.120683,34.300966],[-82.120458,34.301043],[-82.120378,34.301054],[-82.119849,34.301296],[-82.119663,34.301417],[-82.119478,34.301593],[-82.119345,34.301802],[-82.119253,34.302011],[-82.11916,34.302121],[-82.119028,34.30222],[-82.118922,34.302264],[-82.118617,34.302341],[-82.118564,34.302385],[-82.118617,34.30244],[-82.118988,34.302539],[-82.119174,34.302714],[-82.1192,34.30277],[-82.119187,34.302868],[-82.119134,34.302978],[-82.119094,34.303011],[-82.119081,34.303055],[-82.118949,34.303165],[-82.118883,34.303187],[-82.118737,34.303177],[-82.118485,34.30299],[-82.118207,34.302869],[-82.117968,34.302847],[-82.117743,34.302902],[-82.117531,34.30299],[-82.117385,34.302979],[-82.117293,34.302902],[-82.11712,34.302705],[-82.116895,34.302518],[-82.116789,34.302463],[-82.11663,34.30243],[-82.116524,34.302474],[-82.116431,34.302562],[-82.116365,34.302694],[-82.116273,34.302815],[-82.11614,34.302914],[-82.116047,34.302947],[-82.115941,34.302958],[-82.115027,34.302991],[-82.114908,34.303024],[-82.114762,34.303145],[-82.114736,34.303288],[-82.114696,34.303343],[-82.114617,34.303409],[-82.114498,34.303464],[-82.114405,34.303486],[-82.114339,34.303464],[-82.114021,34.30319],[-82.113981,34.303245],[-82.113981,34.303432],[-82.113888,34.303553],[-82.113888,34.303619],[-82.113849,34.30369],[-82.113703,34.303894],[-82.113544,34.304037],[-82.113412,34.304114],[-82.113266,34.304169],[-82.112683,34.304323],[-82.112511,34.304389],[-82.112326,34.304488],[-82.11214,34.30462],[-82.111994,34.304686],[-82.111756,34.304752],[-82.111703,34.304785],[-82.111637,34.304972],[-82.11124,34.305313],[-82.111028,34.305599],[-82.110922,34.305786],[-82.110776,34.305929],[-82.11071,34.306039],[-82.110644,34.306083],[-82.110591,34.30616],[-82.110512,34.306446],[-82.110419,34.306545],[-82.11026,34.306638],[-82.110207,34.306831],[-82.110207,34.306952],[-82.110167,34.306996],[-82.109982,34.306985],[-82.109942,34.306952],[-82.109902,34.306776],[-82.109849,34.306655],[-82.109664,34.306479],[-82.109491,34.306226],[-82.109398,34.306127],[-82.109253,34.305907],[-82.10916,34.305699],[-82.109054,34.305611],[-82.108921,34.305539],[-82.108881,34.305484],[-82.108895,34.305352],[-82.10908,34.305066],[-82.10912,34.304902],[-82.109106,34.304764],[-82.108934,34.304858],[-82.108736,34.305133],[-82.108603,34.305232],[-82.108193,34.305364],[-82.107914,34.305419],[-82.107424,34.305441],[-82.107278,34.305419],[-82.107146,34.305309],[-82.107119,34.305243],[-82.107093,34.30488],[-82.106993,34.30477],[-82.106709,34.304946],[-82.106417,34.304958],[-82.106258,34.304914],[-82.106033,34.304771],[-82.105794,34.304661],[-82.105251,34.304562],[-82.104668,34.304398],[-82.104588,34.304332],[-82.104575,34.3042],[-82.104747,34.303958],[-82.104774,34.303815],[-82.104734,34.303782],[-82.104588,34.30376],[-82.104376,34.303771],[-82.10382,34.303903],[-82.103528,34.303947],[-82.103144,34.30398],[-82.10272,34.303959],[-82.102548,34.303937],[-82.10219,34.303849],[-82.102058,34.303772],[-82.101912,34.303717],[-82.101727,34.303596],[-82.101753,34.303453],[-82.101912,34.303255],[-82.102004,34.303013],[-82.101991,34.302826],[-82.101951,34.302673],[-82.101978,34.302519],[-82.102031,34.302442],[-82.102256,34.302211],[-82.10256,34.301947],[-82.102772,34.301793],[-82.102971,34.301683],[-82.103342,34.301562],[-82.103594,34.301408],[-82.104004,34.301221],[-82.104243,34.301155],[-82.104521,34.30111],[-82.104541,34.30105],[-82.104514,34.301023],[-82.104349,34.300968],[-82.10407,34.300968],[-82.103501,34.301045],[-82.102958,34.301199],[-82.102865,34.301243],[-82.102481,34.301353],[-82.102362,34.301408],[-82.101699,34.301573],[-82.101196,34.301727],[-82.100865,34.301684],[-82.100679,34.301629],[-82.100414,34.301519],[-82.100268,34.301486],[-82.100096,34.301497],[-82.099792,34.301585],[-82.099646,34.301563],[-82.099341,34.301409],[-82.099129,34.301354],[-82.098997,34.301266],[-82.098957,34.301069],[-82.098983,34.300904],[-82.098983,34.30031],[-82.098943,34.300156],[-82.098956,34.300024],[-82.098917,34.299738],[-82.098877,34.299639],[-82.098797,34.299529],[-82.098545,34.299299],[-82.098492,34.299167],[-82.098492,34.29909],[-82.098559,34.299013],[-82.098665,34.298958],[-82.098757,34.298936],[-82.098956,34.298947],[-82.098996,34.298914],[-82.098996,34.298826],[-82.098903,34.298606],[-82.098876,34.29843],[-82.098889,34.298309],[-82.099009,34.298045],[-82.099141,34.297869],[-82.099247,34.297781],[-82.099684,34.297704],[-82.099737,34.297638],[-82.099803,34.297396],[-82.099909,34.297286],[-82.100426,34.297242],[-82.100624,34.297253],[-82.100942,34.297319],[-82.100929,34.297242],[-82.100492,34.29689],[-82.100386,34.296703],[-82.100346,34.296461],[-82.100372,34.296253],[-82.100425,34.29611],[-82.100584,34.295736],[-82.100677,34.295571],[-82.100716,34.295527],[-82.100849,34.295549],[-82.101008,34.295615],[-82.101101,34.295604],[-82.101034,34.295538],[-82.100822,34.29545],[-82.10067,34.295334],[-82.100677,34.295219],[-82.100769,34.295131],[-82.10069,34.295043],[-82.100663,34.294878],[-82.100743,34.294691],[-82.100782,34.294658],[-82.101007,34.294251],[-82.101113,34.293999],[-82.101153,34.293735],[-82.10106,34.293438],[-82.100994,34.29346],[-82.100967,34.293548],[-82.100994,34.293768],[-82.100981,34.293823],[-82.100795,34.294032],[-82.100438,34.294307],[-82.099842,34.294714],[-82.099776,34.29478],[-82.099789,34.294911],[-82.099908,34.295043],[-82.099921,34.295098],[-82.099842,34.295164],[-82.099842,34.295395],[-82.099789,34.295472],[-82.099538,34.29567],[-82.099273,34.295835],[-82.09914,34.295989],[-82.099127,34.296055],[-82.099041,34.296121],[-82.098822,34.296121],[-82.098822,34.296198],[-82.098862,34.296253],[-82.098902,34.296385],[-82.098875,34.296495],[-82.098611,34.296737],[-82.098412,34.296847],[-82.098174,34.296924],[-82.097816,34.297078],[-82.097737,34.297177],[-82.097459,34.29765],[-82.097273,34.298057],[-82.097247,34.298222],[-82.097247,34.298628],[-82.097154,34.298716],[-82.096995,34.298793],[-82.09677,34.298859],[-82.096571,34.298881],[-82.09632,34.298881],[-82.096041,34.298827],[-82.095869,34.298739],[-82.095432,34.298398],[-82.095366,34.298365],[-82.094875,34.298277],[-82.094743,34.298222],[-82.094504,34.298058],[-82.094292,34.29786],[-82.09416,34.297645],[-82.093974,34.297041],[-82.093842,34.296909],[-82.093471,34.296601],[-82.093285,34.296282],[-82.093139,34.295942],[-82.09298,34.295799],[-82.09296,34.29581],[-82.0931,34.296183],[-82.09314,34.296381],[-82.093073,34.296876],[-82.093087,34.296964],[-82.093259,34.297393],[-82.093286,34.297821],[-82.093233,34.29803],[-82.093127,34.298184],[-82.092941,34.298371],[-82.092716,34.298525],[-82.092478,34.298602],[-82.092345,34.298602],[-82.092107,34.298526],[-82.091961,34.298416],[-82.091842,34.298262],[-82.091802,34.298141],[-82.091762,34.297701],[-82.091709,34.297591],[-82.091656,34.297569],[-82.09151,34.29769],[-82.091153,34.298086],[-82.090928,34.298273],[-82.090544,34.298493],[-82.090279,34.298515],[-82.090107,34.298493],[-82.089762,34.298361],[-82.089431,34.298284],[-82.089007,34.298262],[-82.088861,34.298274],[-82.088769,34.298318],[-82.088358,34.298746],[-82.088186,34.298845],[-82.087947,34.298911],[-82.087881,34.298922],[-82.087186,34.298868],[-82.086709,34.298769],[-82.086179,34.298593],[-82.085953,34.298428],[-82.085927,34.29823],[-82.08602,34.298076],[-82.086013,34.297966],[-82.085907,34.297933],[-82.085543,34.297956],[-82.085364,34.297934],[-82.085172,34.297802],[-82.085112,34.297681],[-82.085033,34.297362],[-82.084569,34.296867],[-82.08445,34.296691],[-82.084397,34.29657],[-82.084343,34.296329],[-82.08437,34.296274],[-82.084463,34.296208],[-82.084635,34.296164],[-82.084887,34.296142],[-82.085046,34.296175],[-82.085297,34.296284],[-82.08535,34.296295],[-82.08539,34.296262],[-82.085363,34.296196],[-82.085297,34.296119],[-82.085218,34.295911],[-82.085125,34.295823],[-82.084926,34.295812],[-82.084834,34.295757],[-82.084701,34.295581],[-82.084529,34.295438],[-82.08433,34.295603],[-82.084224,34.295658],[-82.083959,34.295702],[-82.0838,34.295691],[-82.083588,34.295614],[-82.083456,34.295537],[-82.083284,34.295471],[-82.082674,34.29512],[-82.082528,34.294999],[-82.082383,34.294834],[-82.08233,34.294691],[-82.08229,34.294339],[-82.082131,34.294196],[-82.081733,34.293921],[-82.081601,34.293746],[-82.081495,34.293361],[-82.081468,34.293042],[-82.081548,34.292877],[-82.081641,34.292767],[-82.081813,34.292635],[-82.082011,34.292558],[-82.082316,34.292514],[-82.082833,34.292536],[-82.082965,34.29258],[-82.08319,34.292712],[-82.083416,34.292745],[-82.083641,34.292866],[-82.08372,34.292844],[-82.0838,34.292712],[-82.083892,34.292635],[-82.084025,34.29258],[-82.08417,34.292558],[-82.084449,34.292558],[-82.084926,34.292502],[-82.085349,34.29248],[-82.085601,34.292513],[-82.085694,34.292557],[-82.085972,34.292579],[-82.086078,34.292623],[-82.086277,34.292766],[-82.086396,34.292799],[-82.086449,34.292854],[-82.086462,34.292964],[-82.086515,34.293008],[-82.086568,34.293019],[-82.086621,34.292986],[-82.086608,34.292601],[-82.086674,34.292414],[-82.08674,34.292128],[-82.086753,34.29193],[-82.086833,34.291831],[-82.086992,34.291754],[-82.087111,34.291721],[-82.087283,34.2916],[-82.087482,34.291512],[-82.087707,34.291369],[-82.087853,34.291237],[-82.087932,34.291073],[-82.088012,34.290974],[-82.088091,34.290908],[-82.088184,34.290864],[-82.088409,34.290864],[-82.088608,34.290973],[-82.0887,34.290984],[-82.08874,34.290885],[-82.088859,34.29072],[-82.088979,34.290589],[-82.089204,34.290402],[-82.089614,34.29016],[-82.089773,34.290105],[-82.090078,34.290039],[-82.090316,34.289951],[-82.090661,34.289786],[-82.090939,34.289599],[-82.091217,34.289247],[-82.091217,34.289192],[-82.091097,34.28917],[-82.090899,34.289214],[-82.090594,34.289379],[-82.090144,34.289687],[-82.089905,34.289808],[-82.089773,34.289841],[-82.089574,34.289852],[-82.088766,34.289753],[-82.088568,34.289709],[-82.088475,34.289665],[-82.088197,34.289456],[-82.088104,34.289302],[-82.088011,34.28905],[-82.087971,34.289017],[-82.087945,34.289116],[-82.087919,34.289599],[-82.087866,34.289709],[-82.087535,34.290061],[-82.087429,34.290138],[-82.087256,34.290226],[-82.087084,34.290281],[-82.087031,34.290336],[-82.086886,34.290633],[-82.086793,34.290732],[-82.086634,34.290776],[-82.086369,34.290809],[-82.086011,34.290743],[-82.085932,34.290743],[-82.08576,34.290798],[-82.085455,34.291018],[-82.085349,34.291018],[-82.08527,34.290985],[-82.085044,34.290963],[-82.084925,34.290996],[-82.084568,34.291271],[-82.084501,34.291293],[-82.084303,34.291326],[-82.083985,34.291326],[-82.08372,34.291414],[-82.083627,34.291425],[-82.083495,34.291403],[-82.083429,34.29137],[-82.083137,34.291173],[-82.083071,34.291085],[-82.083005,34.290843],[-82.082965,34.290799],[-82.082766,34.290931],[-82.082819,34.291063],[-82.082766,34.291107],[-82.082581,34.291129],[-82.082342,34.291129],[-82.082117,34.291063],[-82.081362,34.291041],[-82.08123,34.291019],[-82.080978,34.290865],[-82.080819,34.290821],[-82.080554,34.290821],[-82.080157,34.290766],[-82.080011,34.290788],[-82.079733,34.290898],[-82.079627,34.290909],[-82.079521,34.290865],[-82.079362,34.290723],[-82.079163,34.290723],[-82.07911,34.290701],[-82.078792,34.290492],[-82.078448,34.290365],[-82.077958,34.290102],[-82.07715,34.289706],[-82.076991,34.289596],[-82.077004,34.289497],[-82.077083,34.289453],[-82.077203,34.289431],[-82.077335,34.289343],[-82.077494,34.289299],[-82.077746,34.289266],[-82.078156,34.289145],[-82.078421,34.289035],[-82.078779,34.288837],[-82.078898,34.288815],[-82.079017,34.28876],[-82.079057,34.288727],[-82.07911,34.288617],[-82.079203,34.288507],[-82.079309,34.288419],[-82.079309,34.28832],[-82.079242,34.288309],[-82.079097,34.288331],[-82.078779,34.288441],[-82.077904,34.288672],[-82.077494,34.288727],[-82.077242,34.288717],[-82.077017,34.28864],[-82.076898,34.288618],[-82.076394,34.288574],[-82.076262,34.288585],[-82.076077,34.28864],[-82.075904,34.288662],[-82.075759,34.288651],[-82.075308,34.288475],[-82.075123,34.288442],[-82.074977,34.288442],[-82.074606,34.288508],[-82.074381,34.288409],[-82.074262,34.288387],[-82.074076,34.288387],[-82.07397,34.288332],[-82.073878,34.28831],[-82.073812,34.28831],[-82.073619,34.288481],[-82.073507,34.288475],[-82.073401,34.28842],[-82.073388,34.288321],[-82.073626,34.287848],[-82.073692,34.287497],[-82.073785,34.287398],[-82.074037,34.2872],[-82.07405,34.287101],[-82.07401,34.287013],[-82.073944,34.286936],[-82.073931,34.286859],[-82.073997,34.286782],[-82.073997,34.286727],[-82.07409,34.286694],[-82.073904,34.28654],[-82.073732,34.286485],[-82.07348,34.286298],[-82.073414,34.286199],[-82.073374,34.286089],[-82.073388,34.285892],[-82.073361,34.285661],[-82.073268,34.285463],[-82.073136,34.28532],[-82.07303,34.285243],[-82.072911,34.28521],[-82.072831,34.28521],[-82.072606,34.285265],[-82.0725,34.285254],[-82.072434,34.285221],[-82.072301,34.285111],[-82.072275,34.285034],[-82.072275,34.284902],[-82.072315,34.284825],[-82.072672,34.284528],[-82.072778,34.284462],[-82.072924,34.284429],[-82.073017,34.284374],[-82.073129,34.284231],[-82.072752,34.284265],[-82.072659,34.284243],[-82.072579,34.284188],[-82.072553,34.284111],[-82.072553,34.283968],[-82.072712,34.283649],[-82.072738,34.283484],[-82.072738,34.283176],[-82.072699,34.28311],[-82.072579,34.283187],[-82.072447,34.283341],[-82.072381,34.283385],[-82.072228,34.283396],[-82.072222,34.283693],[-82.072156,34.28377],[-82.072089,34.283803],[-82.071758,34.283858],[-82.07099,34.284166],[-82.070659,34.284166],[-82.070579,34.284144],[-82.070434,34.284089],[-82.07005,34.283781],[-82.069891,34.28355],[-82.069639,34.283308],[-82.06956,34.283198],[-82.06952,34.283045],[-82.06956,34.282913],[-82.06956,34.282781],[-82.06944,34.28255],[-82.069414,34.282407],[-82.069427,34.282286],[-82.069586,34.282033],[-82.069639,34.281989],[-82.069851,34.281956],[-82.069924,34.281907],[-82.069904,34.281802],[-82.069824,34.281703],[-82.069785,34.281593],[-82.069811,34.281197],[-82.069732,34.281186],[-82.069546,34.281307],[-82.069374,34.281461],[-82.069228,34.281648],[-82.069175,34.281769],[-82.06903,34.281978],[-82.068964,34.282165],[-82.068871,34.282253],[-82.068725,34.282264],[-82.068619,34.282231],[-82.068579,34.282198],[-82.068513,34.282187],[-82.068288,34.282077],[-82.068023,34.281879],[-82.067917,34.281725],[-82.067891,34.281538],[-82.06793,34.281362],[-82.068103,34.281099],[-82.068248,34.280945],[-82.068566,34.280516],[-82.068805,34.280241],[-82.068924,34.280043],[-82.069003,34.279823],[-82.069043,34.279625],[-82.069056,34.279383],[-82.069017,34.27934],[-82.068897,34.279361],[-82.068685,34.279548],[-82.068142,34.279812],[-82.06805,34.279845],[-82.067904,34.279867],[-82.067758,34.279845],[-82.067732,34.279889],[-82.067732,34.279977],[-82.067798,34.280153],[-82.067745,34.280351],[-82.067639,34.280494],[-82.067189,34.280846],[-82.066997,34.280934],[-82.066725,34.281022],[-82.066593,34.281044],[-82.066381,34.281033],[-82.066076,34.280978],[-82.065983,34.280923],[-82.065785,34.280736],[-82.065705,34.28056],[-82.065719,34.280373],[-82.065838,34.28012],[-82.066037,34.279834],[-82.066275,34.279362],[-82.066301,34.279241],[-82.066262,34.279197],[-82.06609,34.279098],[-82.06605,34.27901],[-82.065984,34.278955],[-82.065931,34.279021],[-82.065811,34.279373],[-82.065758,34.279461],[-82.065666,34.279593],[-82.06548,34.279768],[-82.065308,34.279878],[-82.06507,34.279966],[-82.064897,34.279999],[-82.064527,34.279999],[-82.064301,34.279945],[-82.064143,34.279835],[-82.064103,34.279752],[-82.064076,34.279565],[-82.06409,34.279466],[-82.06403,34.279411],[-82.063864,34.279499],[-82.063653,34.279554],[-82.063454,34.279521],[-82.063202,34.279543],[-82.062924,34.2794],[-82.062341,34.279345],[-82.062222,34.279312],[-82.06209,34.279224],[-82.062063,34.27917],[-82.062063,34.279049],[-82.062129,34.278862],[-82.062196,34.278741],[-82.062394,34.278488],[-82.062606,34.278169],[-82.062646,34.278059],[-82.062633,34.278004],[-82.062567,34.278015],[-82.062487,34.27807],[-82.062196,34.278334],[-82.062103,34.278367],[-82.061851,34.2784],[-82.061626,34.278554],[-82.061441,34.278741],[-82.061361,34.278785],[-82.061242,34.278807],[-82.061096,34.278796],[-82.060832,34.278719],[-82.060699,34.278631],[-82.060659,34.278576],[-82.06062,34.278466],[-82.06062,34.278279],[-82.060686,34.277916],[-82.060686,34.277729],[-82.060646,34.277685],[-82.060514,34.277685],[-82.060448,34.277729],[-82.060262,34.277949],[-82.060103,34.278048],[-82.06001,34.27807],[-82.059905,34.27807],[-82.059812,34.278048],[-82.059693,34.277971],[-82.059613,34.277971],[-82.059534,34.278037],[-82.059309,34.2784],[-82.059229,34.278576],[-82.059123,34.278719],[-82.058938,34.278653],[-82.058858,34.278598],[-82.058898,34.278466],[-82.059203,34.277938],[-82.059282,34.277751],[-82.059309,34.27763],[-82.059269,34.277498],[-82.05915,34.277367],[-82.059057,34.27729],[-82.058845,34.27718],[-82.058752,34.277103],[-82.058752,34.277026],[-82.059216,34.276476],[-82.059269,34.276344],[-82.059269,34.276234],[-82.059097,34.275882],[-82.059031,34.275827],[-82.058978,34.27586],[-82.058885,34.276234],[-82.058792,34.276322],[-82.05866,34.276377],[-82.058541,34.276399],[-82.058435,34.276377],[-82.058382,34.276333],[-82.058329,34.276124],[-82.058236,34.276003],[-82.05813,34.275937],[-82.058037,34.275915],[-82.057786,34.275926],[-82.057415,34.276025],[-82.057375,34.275992],[-82.057388,34.275926],[-82.057587,34.275728],[-82.057653,34.275684],[-82.057667,34.27564],[-82.05772,34.275607],[-82.057839,34.27541],[-82.057865,34.275234],[-82.057786,34.274893],[-82.057627,34.274695],[-82.057428,34.274585],[-82.057111,34.274497],[-82.056872,34.274332],[-82.056674,34.274123],[-82.056409,34.274057],[-82.056289,34.274002],[-82.056011,34.273804],[-82.055402,34.273255],[-82.055349,34.273167],[-82.05527,34.27265],[-82.05527,34.272441],[-82.055336,34.272155],[-82.055402,34.272056],[-82.055919,34.271606],[-82.055946,34.271529],[-82.055946,34.271441],[-82.055906,34.271364],[-82.055535,34.271034],[-82.055403,34.270869],[-82.05535,34.270759],[-82.055323,34.270572],[-82.055284,34.270462],[-82.055244,34.270154],[-82.05525,34.269967],[-82.05529,34.269681],[-82.055476,34.269231],[-82.055648,34.268989],[-82.055886,34.26878],[-82.056138,34.268494],[-82.056363,34.268043],[-82.056403,34.267999],[-82.056549,34.267615],[-82.056655,34.267461],[-82.056747,34.267417],[-82.05688,34.267461],[-82.057052,34.267593],[-82.057184,34.267768],[-82.05729,34.26812],[-82.057396,34.268219],[-82.057502,34.268263],[-82.057687,34.268384],[-82.05782,34.268516],[-82.057873,34.268494],[-82.057648,34.267988],[-82.057608,34.267944],[-82.057568,34.267824],[-82.057595,34.267725],[-82.057727,34.267626],[-82.05786,34.267615],[-82.058005,34.267637],[-82.05835,34.267834],[-82.058442,34.267867],[-82.058588,34.267846],[-82.058866,34.267769],[-82.058919,34.267724],[-82.058853,34.267648],[-82.058654,34.267604],[-82.058482,34.267472],[-82.05827,34.267197],[-82.058257,34.267153],[-82.057992,34.266889],[-82.057979,34.266801],[-82.058005,34.266691],[-82.058125,34.266614],[-82.058429,34.266537],[-82.058562,34.266482],[-82.058694,34.266339],[-82.058879,34.266064],[-82.059038,34.265954],[-82.059343,34.26602],[-82.059409,34.266086],[-82.059462,34.266284],[-82.059555,34.266361],[-82.060151,34.266515],[-82.060336,34.266603],[-82.060627,34.266801],[-82.060786,34.266933],[-82.060853,34.26701],[-82.060879,34.267109],[-82.060945,34.267164],[-82.061051,34.267153],[-82.061104,34.267109],[-82.061197,34.267076],[-82.061554,34.266878],[-82.061833,34.266801],[-82.062111,34.266823],[-82.062203,34.266856],[-82.062243,34.266889],[-82.062322,34.267065],[-82.062362,34.267224],[-82.062468,34.267318],[-82.062587,34.267373],[-82.06264,34.267417],[-82.062945,34.267549],[-82.062998,34.267603],[-82.062998,34.267768],[-82.062945,34.267856],[-82.062892,34.268021],[-82.062931,34.268054],[-82.062984,34.268043],[-82.063104,34.267966],[-82.063236,34.267933],[-82.063382,34.267955],[-82.063474,34.268032],[-82.063739,34.268384],[-82.063845,34.268483],[-82.064295,34.268813],[-82.064547,34.269055],[-82.064613,34.269198],[-82.064613,34.269385],[-82.064461,34.269824],[-82.064421,34.270055],[-82.064448,34.270154],[-82.064501,34.270198],[-82.06458,34.270198],[-82.064805,34.269989],[-82.064924,34.269923],[-82.065044,34.26989],[-82.065189,34.269879],[-82.065308,34.269901],[-82.065428,34.270022],[-82.065626,34.27055],[-82.065719,34.270638],[-82.065851,34.270682],[-82.066461,34.270638],[-82.066672,34.270693],[-82.066937,34.270858],[-82.067255,34.271182],[-82.067348,34.271237],[-82.067414,34.271248],[-82.067639,34.271226],[-82.068129,34.271094],[-82.068169,34.271061],[-82.068169,34.27094],[-82.068036,34.270709],[-82.06797,34.270544],[-82.067957,34.270412],[-82.06797,34.270357],[-82.068076,34.27028],[-82.068195,34.270269],[-82.068328,34.270291],[-82.068394,34.270335],[-82.0685,34.270456],[-82.068778,34.270885],[-82.068937,34.271072],[-82.068963,34.271138],[-82.06895,34.271259],[-82.06846,34.2716],[-82.068407,34.271699],[-82.068447,34.271753],[-82.068579,34.271775],[-82.069228,34.271797],[-82.069864,34.271687],[-82.070222,34.27172],[-82.070672,34.271973],[-82.071334,34.272523],[-82.071731,34.272765],[-82.071943,34.272743],[-82.072195,34.272754],[-82.072619,34.272874],[-82.072725,34.272863],[-82.072936,34.272798],[-82.073042,34.272742],[-82.073387,34.272424],[-82.073453,34.272325],[-82.073744,34.272017],[-82.073705,34.271907],[-82.073718,34.271599],[-82.073983,34.271137],[-82.073983,34.27106]],[[-82.117532,34.358114],[-82.117585,34.358169],[-82.117572,34.358356],[-82.117691,34.358433],[-82.117916,34.358455],[-82.118208,34.358543],[-82.118394,34.358576],[-82.118553,34.358576],[-82.118646,34.358554],[-82.118844,34.358455],[-82.119136,34.358344],[-82.119481,34.358278],[-82.119733,34.358333],[-82.119839,34.358421],[-82.119971,34.358641],[-82.120064,34.358751],[-82.12017,34.358828],[-82.120356,34.35885],[-82.120369,34.358822],[-82.120329,34.358652],[-82.120422,34.358641],[-82.120528,34.358663],[-82.120754,34.358827],[-82.121072,34.358948],[-82.121271,34.359135],[-82.121404,34.359311],[-82.121536,34.35941],[-82.121722,34.359497],[-82.121974,34.359706],[-82.122054,34.35975],[-82.122226,34.359794],[-82.122372,34.359937],[-82.122478,34.360151],[-82.122412,34.360201],[-82.122332,34.360201],[-82.121868,34.360113],[-82.121364,34.359849],[-82.12098,34.359718],[-82.120582,34.359685],[-82.12025,34.359685],[-82.120025,34.359597],[-82.119906,34.359498],[-82.119853,34.359421],[-82.119654,34.359224],[-82.119561,34.359158],[-82.119375,34.35907],[-82.119083,34.358982],[-82.118367,34.358917],[-82.11801,34.35884],[-82.117758,34.358708],[-82.117386,34.358411],[-82.11736,34.358367],[-82.117346,34.358235],[-82.117386,34.35818],[-82.117532,34.358114]],[[-82.170644,34.339655],[-82.170677,34.339336],[-82.170737,34.33905],[-82.17081,34.338968],[-82.170916,34.339017],[-82.170989,34.33927],[-82.171062,34.339968],[-82.171135,34.340259],[-82.171247,34.340479],[-82.171446,34.340787],[-82.171486,34.340897],[-82.171512,34.341139],[-82.171499,34.342216],[-82.171472,34.342359],[-82.171426,34.342436],[-82.171293,34.342601],[-82.171213,34.342623],[-82.171147,34.34259],[-82.171108,34.342546],[-82.171094,34.342277],[-82.171002,34.341771],[-82.170935,34.341156],[-82.170909,34.341002],[-82.170849,34.340853],[-82.17073,34.340413],[-82.170704,34.340001],[-82.170671,34.339919],[-82.170644,34.339655]],[[-82.088604,34.32925],[-82.088697,34.329294],[-82.088776,34.32936],[-82.088803,34.329436],[-82.089035,34.32964],[-82.089015,34.329909],[-82.088936,34.330096],[-82.088909,34.330217],[-82.088856,34.330316],[-82.08871,34.330448],[-82.088565,34.330503],[-82.088379,34.330525],[-82.088207,34.330569],[-82.088154,34.330602],[-82.087982,34.330635],[-82.087783,34.330613],[-82.08765,34.330525],[-82.087624,34.330448],[-82.087637,34.330349],[-82.087716,34.330228],[-82.087981,34.329931],[-82.088074,34.329733],[-82.08814,34.329525],[-82.08822,34.329393],[-82.088379,34.329283],[-82.088525,34.32925],[-82.088604,34.32925]],[[-82.122145,34.308683],[-82.122463,34.308749],[-82.122609,34.30888],[-82.122662,34.309001],[-82.122728,34.309089],[-82.12298,34.309287],[-82.123047,34.309364],[-82.123073,34.309562],[-82.123126,34.309694],[-82.123232,34.309804],[-82.123325,34.309869],[-82.123511,34.309957],[-82.123603,34.310045],[-82.12363,34.3101],[-82.123624,34.31026],[-82.123551,34.31032],[-82.123418,34.31032],[-82.123325,34.310287],[-82.123206,34.31021],[-82.1231,34.310123],[-82.122981,34.309947],[-82.122888,34.309848],[-82.122742,34.309727],[-82.122583,34.309628],[-82.122398,34.309463],[-82.122265,34.309221],[-82.122185,34.308892],[-82.122079,34.308694],[-82.122145,34.308683]],[[-82.114932,34.355125],[-82.115197,34.355312],[-82.115529,34.355763],[-82.115661,34.356092],[-82.116126,34.356851],[-82.116338,34.357268],[-82.116391,34.357334],[-82.116497,34.357587],[-82.116464,34.357681],[-82.116272,34.357565],[-82.116126,34.357334],[-82.115808,34.356983],[-82.115662,34.356763],[-82.115595,34.356598],[-82.115595,34.356422],[-82.115396,34.356071],[-82.11525,34.355686],[-82.115078,34.355411],[-82.114918,34.355213],[-82.114932,34.355125]],[[-81.945348,34.208289],[-81.94548,34.208344],[-81.945784,34.208531],[-81.946102,34.208844],[-81.946221,34.208998],[-81.946261,34.209086],[-81.946248,34.209185],[-81.946195,34.20924],[-81.946102,34.209262],[-81.945943,34.209229],[-81.945851,34.209185],[-81.945546,34.208948],[-81.945215,34.208827],[-81.94507,34.208751],[-81.945004,34.208674],[-81.944977,34.208597],[-81.944977,34.208487],[-81.945017,34.208399],[-81.945136,34.208311],[-81.945348,34.208289]],[[-82.110488,34.349471],[-82.110846,34.349691],[-82.111164,34.349822],[-82.111376,34.349965],[-82.111509,34.350086],[-82.111535,34.350141],[-82.111522,34.350284],[-82.111456,34.350383],[-82.11127,34.350548],[-82.111191,34.35057],[-82.111072,34.350548],[-82.110859,34.350372],[-82.110727,34.350218],[-82.110607,34.349999],[-82.110528,34.349735],[-82.110475,34.349636],[-82.110448,34.349504],[-82.110488,34.349471]],[[-82.116828,34.35685],[-82.116895,34.356916],[-82.116921,34.357081],[-82.117027,34.357213],[-82.116988,34.357345],[-82.116935,34.357411],[-82.116935,34.357543],[-82.117087,34.357669],[-82.117173,34.35762],[-82.11716,34.357444],[-82.117213,34.357389],[-82.117286,34.357383],[-82.117452,34.357543],[-82.117518,34.357664],[-82.117505,34.357752],[-82.117452,34.357873],[-82.117267,34.358104],[-82.117174,34.35817],[-82.117094,34.358148],[-82.116948,34.358016],[-82.116802,34.357697],[-82.116789,34.357554],[-82.116736,34.357367],[-82.116643,34.357158],[-82.116616,34.357026],[-82.116828,34.35685]],[[-82.114573,34.354576],[-82.115143,34.354652],[-82.115316,34.354696],[-82.115435,34.354751],[-82.115833,34.355246],[-82.116006,34.355554],[-82.116045,34.355652],[-82.116032,34.355707],[-82.115926,34.355773],[-82.11586,34.355773],[-82.115794,34.355741],[-82.115701,34.355653],[-82.115661,34.355587],[-82.115595,34.355356],[-82.115435,34.355147],[-82.11521,34.354971],[-82.114759,34.354774],[-82.114547,34.354653],[-82.11452,34.354587],[-82.114573,34.354576]],[[-82.119851,34.305474],[-82.119917,34.305529],[-82.119957,34.305617],[-82.120116,34.305781],[-82.120302,34.30588],[-82.120607,34.30599],[-82.120752,34.306078],[-82.120766,34.306133],[-82.120739,34.306188],[-82.120594,34.306298],[-82.120382,34.306353],[-82.120276,34.306353],[-82.12013,34.30632],[-82.119984,34.306221],[-82.119918,34.305946],[-82.119825,34.305837],[-82.119785,34.305804],[-82.119573,34.305738],[-82.11952,34.305694],[-82.119547,34.305606],[-82.119666,34.305496],[-82.119732,34.305474],[-82.119851,34.305474]],[[-82.115993,34.355839],[-82.116231,34.355894],[-82.116284,34.355927],[-82.116444,34.356169],[-82.116709,34.356455],[-82.116735,34.356554],[-82.116722,34.356653],[-82.11655,34.356774],[-82.116484,34.356785],[-82.116271,34.356631],[-82.116086,34.356356],[-82.11594,34.356059],[-82.1159,34.355916],[-82.11594,34.35585],[-82.115993,34.355839]],[[-82.169963,34.332102],[-82.169937,34.332025],[-82.169963,34.33197],[-82.17001,34.33197],[-82.170083,34.332014],[-82.170149,34.332091],[-82.170321,34.332344],[-82.170387,34.332553],[-82.170434,34.332943],[-82.170513,34.333311],[-82.170473,34.333366],[-82.170407,34.333377],[-82.170341,34.333322],[-82.170281,34.333207],[-82.170235,34.333036],[-82.170182,34.332525],[-82.170083,34.332289],[-82.169963,34.332102]],[[-82.171545,34.343811],[-82.171677,34.34386],[-82.171936,34.344047],[-82.172307,34.344239],[-82.172353,34.344294],[-82.172373,34.344355],[-82.172353,34.344465],[-82.1723,34.344498],[-82.172227,34.344498],[-82.171723,34.344245],[-82.171651,34.344157],[-82.171419,34.343937],[-82.171419,34.34386],[-82.171472,34.343816],[-82.171545,34.343811]],[[-82.172625,34.345344],[-82.172684,34.345383],[-82.172817,34.345575],[-82.172896,34.345746],[-82.173115,34.346097],[-82.173194,34.346284],[-82.173208,34.346378],[-82.173188,34.346405],[-82.173135,34.346405],[-82.173042,34.346339],[-82.172896,34.346163],[-82.17275,34.345856],[-82.172638,34.345696],[-82.172558,34.345509],[-82.172565,34.345377],[-82.172585,34.34535],[-82.172625,34.345344]],[[-82.121509,34.359058],[-82.121881,34.359277],[-82.122146,34.359387],[-82.122252,34.359497],[-82.122318,34.359635],[-82.122266,34.359695],[-82.122146,34.359695],[-82.122053,34.359662],[-82.121868,34.359486],[-82.121629,34.359377],[-82.121364,34.359168],[-82.121377,34.359074],[-82.121509,34.359058]],[[-82.101115,34.361634],[-82.101048,34.361733],[-82.100889,34.361843],[-82.10085,34.361992],[-82.100823,34.362008],[-82.100664,34.361799],[-82.100425,34.361623],[-82.100425,34.361502],[-82.100478,34.361448],[-82.100558,34.361458],[-82.100783,34.361656],[-82.100902,34.361645],[-82.101061,34.361491],[-82.101174,34.361519],[-82.101115,34.361634]],[[-82.168678,34.330854],[-82.168764,34.330931],[-82.16887,34.331228],[-82.168917,34.331503],[-82.168897,34.331552],[-82.168857,34.331558],[-82.168751,34.331481],[-82.168493,34.330958],[-82.168493,34.330909],[-82.168539,34.33087],[-82.168678,34.330854]],[[-82.168274,34.330337],[-82.168407,34.330348],[-82.168619,34.330409],[-82.168678,34.330475],[-82.168678,34.330585],[-82.168579,34.330623],[-82.168175,34.330623],[-82.168135,34.330607],[-82.168069,34.330541],[-82.168056,34.330414],[-82.168148,34.330343],[-82.168274,34.330337]],[[-81.913115,34.192588],[-81.913234,34.192692],[-81.913234,34.192824],[-81.913088,34.192978],[-81.912996,34.193033],[-81.912837,34.193033],[-81.912784,34.193],[-81.912784,34.192829],[-81.912903,34.192676],[-81.913009,34.192588],[-81.913115,34.192588]],[[-82.184899,34.332064],[-82.184998,34.332108],[-82.185157,34.332256],[-82.185191,34.332328],[-82.185177,34.332421],[-82.185111,34.332443],[-82.184945,34.332432],[-82.184853,34.332388],[-82.184773,34.332322],[-82.18474,34.332218],[-82.184753,34.332163],[-82.1848,34.332097],[-82.184899,34.332064]],[[-82.104222,34.343614],[-82.104295,34.343669],[-82.104295,34.343735],[-82.104156,34.343834],[-82.104023,34.343911],[-82.103891,34.343955],[-82.103785,34.343911],[-82.103785,34.34379],[-82.103877,34.343713],[-82.104076,34.343614],[-82.104222,34.343614]],[[-81.992851,34.254349],[-81.99307,34.254552],[-81.99311,34.254662],[-81.99311,34.254816],[-81.993057,34.254871],[-81.992991,34.254871],[-81.992924,34.254827],[-81.992832,34.254651],[-81.992792,34.254443],[-81.992851,34.254349]],[[-82.170771,34.335697],[-82.170837,34.335779],[-82.170864,34.335961],[-82.170983,34.336258],[-82.171009,34.336401],[-82.170976,34.336456],[-82.17091,34.336417],[-82.17087,34.336362],[-82.170738,34.336049],[-82.170705,34.33573],[-82.170725,34.335703],[-82.170771,34.335697]],[[-81.912639,34.189278],[-81.912732,34.189311],[-81.912851,34.189388],[-81.912884,34.189459],[-81.912798,34.18952],[-81.912494,34.189509],[-81.912348,34.189421],[-81.912335,34.189355],[-81.912388,34.1893],[-81.912639,34.189278]],[[-82.104705,34.342536],[-82.104838,34.342635],[-82.104944,34.342844],[-82.104917,34.342943],[-82.104878,34.342976],[-82.104792,34.342976],[-82.104652,34.342833],[-82.104626,34.34258],[-82.104705,34.342536]],[[-82.12049,34.360762],[-82.120941,34.360971],[-82.121087,34.361004],[-82.121087,34.361026],[-82.120874,34.361059],[-82.120755,34.361059],[-82.120649,34.361026],[-82.120337,34.36079],[-82.12049,34.360762]],[[-82.114932,34.356522],[-82.115025,34.356599],[-82.115185,34.356796],[-82.115224,34.356906],[-82.115171,34.356939],[-82.114999,34.356906],[-82.114906,34.35684],[-82.114906,34.356697],[-82.114866,34.35661],[-82.11488,34.356538],[-82.114932,34.356522]],[[-82.101327,34.361689],[-82.101327,34.361821],[-82.101155,34.362118],[-82.101062,34.362206],[-82.101002,34.362156],[-82.101009,34.362008],[-82.101062,34.361942],[-82.101247,34.361788],[-82.101327,34.361689]],[[-82.121536,34.359025],[-82.121496,34.35897],[-82.121536,34.358926],[-82.121695,34.358959],[-82.12192,34.359069],[-82.12208,34.3592],[-82.12204,34.359233],[-82.121921,34.359201],[-82.121602,34.359036],[-82.121536,34.359025]],[[-82.078519,34.32542],[-82.078585,34.325475],[-82.078558,34.32553],[-82.078466,34.325596],[-82.078333,34.325618],[-82.07828,34.325552],[-82.07828,34.325486],[-82.078333,34.325442],[-82.078519,34.32542]],[[-82.087693,34.34114],[-82.087746,34.341184],[-82.087799,34.341283],[-82.087812,34.341393],[-82.087752,34.341437],[-82.08768,34.341393],[-82.087613,34.341283],[-82.087626,34.341151],[-82.087693,34.34114]],[[-82.11749,34.355685],[-82.117557,34.355839],[-82.117491,34.355883],[-82.117398,34.355817],[-82.117384,34.355751],[-82.117411,34.355696],[-82.11749,34.355685]],[[-82.122571,34.360036],[-82.122637,34.360091],[-82.122717,34.360201],[-82.122677,34.360245],[-82.122544,34.360135],[-82.122531,34.360069],[-82.122571,34.360036]],[[-82.122544,34.359772],[-82.12261,34.359827],[-82.12263,34.35997],[-82.122518,34.359871],[-82.122504,34.359805],[-82.122544,34.359772]],[[-82.100319,34.361327],[-82.100359,34.361371],[-82.100346,34.361437],[-82.100293,34.361481],[-82.10024,34.361437],[-82.100253,34.361382],[-82.100319,34.361327]]]},"properties":{"GNIS_NAME":"Lake Greenwood","GNIS_ID":"01237668","AREASQKM":41.938453250000002,"OBJECTID":5125269}}]}